id,hanzi,simplified,pinyin,enUS,esES,exampleCN,examplePinyin,exampleES,hsk,tags
8f81608557b1,我,我,wǒ,I; me,yo,我昨天不工作。,wǒ zuótiān bù gōngzuò.,Ayer no trabajé.,1,HSK1
f1a2b3c4d5e6,我們,我們,wǒmen,we; us (pl.),nosotros,我們明天在學校見面。,wǒmen míngtiān zài xuéxiào jiànmiàn.,Nos vemos mañana en la escuela.,1,HSK1
a1b2c3d4e5f6,你,你,nǐ,you,tú,你今天怎麼樣？一起去喝咖啡吧。,nǐ jīntiān zěnmeyàng? yìqǐ qù hē kāfēi ba.,¿Cómo estás hoy? Vamos a tomar un café juntos.,1,HSK1
b2c3d4e5f6g7,他,他,tā,he; him,él,他下班坐公車回家。,tā xiàbān zuò gōngchē huíjiā.,Él vuelve a casa en autobús después del trabajo.,1,HSK1
c3d4e5f6g7h8,她,她,tā,she; her,ella,她喜歡看電視,tā xǐhuān kàn diànshì,A ella le gusta ver la televisión y a menudo escucha música.,1,HSK1
d4e5f6g7h8i9,這 (這兒),這 (這兒),zhè (zhèr),this (here),esto (aquí),這個東西多少錢？,zhège dōngxī duōshǎo qián?,¿Cuánto cuesta esta cosa?,1,HSK1
e5f6g7h8i9j0,那 (那兒),那 (那兒),nà (nàr),that (there),eso (allí),那是誰的手機？,nà shì shéi de shǒujī?,¿De quién es ese teléfono?,1,HSK1
f6g7h8i9j0k1,哪,哪,nǎ,which,cuál,你想去哪個國家？,nǐ xiǎng qù nǎge guójiā?,¿A qué país quieres ir?,1,HSK1
g7h8i9j0k1l2,哪兒,哪兒,nǎr,where,dónde,洗手間在哪裡？,xǐshǒujiān zài nǎlǐ?,¿Dónde está el baño?,1,HSK1
h8i9j0k1l2m3,誰,誰,shéi,who,quién,你在等誰？,nǐ zài děng shéi?,¿A quién estás esperando?,1,HSK1
i9j0k1l2m3n4,什麼,什麼,shénme,what; why,qué,你週末想做什麼？,nǐ zhōumò xiǎng zuò shénme?,¿Qué quieres hacer el fin de semana?,1,HSK1
j0k1l2m3n4o5,多少,多少,duōshǎo,how many,cuántos,這個多少錢？,zhège duōshǎo qián?,¿Cuánto cuesta esto?,1,HSK1
k1l2m3n4o5p6,幾,幾,jǐ,a few; how many,unos pocos; cuántos,你幾點下班？,nǐ jǐ diǎn xiàbān?,¿A qué hora sales del trabajo?,1,HSK1
l2m3n4o5p6q7,怎麼,怎麼,zěnme,how,cómo,這裡怎麼去地鐵站？,zhèlǐ zěnme qù dìtiě zhàn?,¿Cómo se va a la estación de metro desde aquí?,1,HSK1
m3n4o5p6q7r8,怎麼樣,怎麼樣,zěnmeyàng,how about,qué tal,我們去吃中國菜怎麼樣？,wǒmen qù chī Zhōngguó cài zěnmeyàng?,¿Qué tal si vamos a comer comida china?,1,HSK1
n4o5p6q7r8s9,一,一,yī,one,uno,請給我一個蘋果。,qǐng gěi wǒ yīgè píngguǒ.,Por favor dame una manzana.,1,HSK1
o5p6q7r8s9t0,二,二,èr,two,dos,我有兩個哥哥。,wǒ yǒu liǎng gè gēgē.,Tengo dos hermanos mayores.,1,HSK1
p6q7r8s9t0u1,三,三,sān,three,tres,這本書三十塊錢。,zhè běn shū sānshí kuài qián.,Este libro cuesta treinta yuanes.,1,HSK1
q7r8s9t0u1v2,四,四,sì,four,cuatro,一年有四季。,yīnián yǒu sìjì.,Un año tiene cuatro estaciones.,1,HSK1
r8s9t0u1v2w3,五,五,wǔ,five,cinco,現在是五點鐘。,xiànzài shì wǔ diǎn zhōng.,Ahora son las cinco en punto.,1,HSK1
s9t0u1v2w3x4,六,六,liù,six,seis,一個星期有六天工作嗎？,yī gè xīngqī yǒu liù tiān gōngzuò ma?,¿Se trabaja seis días a la semana?,1,HSK1
t0u1v2w3x4y5,七,七,qī,seven,siete,我每天七點起床。,wǒ měitiān qī diǎn qǐchuáng.,Me levanto a las siete todos los días.,1,HSK1
u1v2w3x4y5z6,八,八,bā,eight,ocho,他今年八歲了。,tā jīnnián bā suì le.,Él tiene ocho años este año.,1,HSK1
v2w3x4y5z6a7,九,九,jiǔ,nine,nueve,這杯咖啡九塊錢。,zhè bēi kāfēi jiǔ kuài qián.,Esta taza de café cuesta nueve yuanes.,1,HSK1
w3x4y5z6a7b8,十,十,shí,ten,diez,我有十個好朋友。,wǒ yǒu shí gè hǎo péngyǒu.,Tengo diez buenos amigos.,1,HSK1
x4y5z6a7b8c9,個,個,gè,sorter,clasificador,我想要一個西瓜。,wǒ xiǎng yào yīgè xīguā.,Quiero una sandía.,1,HSK1
y5z6a7b8c9d0,歲,歲,suì,years of age,años de edad,我妹妹今年五歲。,wǒ mèimei jīnnián wǔ suì.,Mi hermana menor tiene cinco años este año.,1,HSK1
z6a7b8c9d0e1,本,本,běn,book sorter,clasificador (libros),桌子上有一本書。,zhuōzi shàng yǒu yī běn shū.,Hay un libro sobre la mesa.,1,HSK1
a7b8c9d0e1f2,有些,有些,xiē,some,algunos,這裡有些蘋果很甜。,zhèlǐ yǒuxiē píngguǒ hěn tián.,Algunas manzanas aquí son muy dulces.,1,HSK1
b8c9d0e1f2g3,塊,塊,kuài,piece; coin,trozo; moneda,請給我一塊蛋糕。,qǐng gěi wǒ yīkuài dàngāo.,Por favor dame un trozo de pastel.,1,HSK1
c9d0e1f2g3h4,不,不,bù,No,no,我今天不買衣服。,wǒ jīntiān bù mǎi yīfú.,Hoy no compro ropa.,1,HSK1
d0e1f2g3h4i5,沒,沒,méi,not to have; no,no tener; no,我昨天沒吃晚餐。,wǒ zuótiān méi chī wǎncān.,Ayer no cené.,1,HSK1
e1f2g3h4i5j6,很,很,hěn,very,muy,這杯茶很好喝。,zhè bēi chá hěn hǎohē.,Este té está muy rico.,1,HSK1
f2g3h4i5j6k7,太,太,tài,too much,demasiado,這件衣服太大了。,zhè jiàn yīfú tài dà le.,Esta ropa es demasiado grande.,1,HSK1
g3h8i9j0k1l2,都,都,dōu,all,todos,我們都是學生。,wǒmen dōu shì xuésheng.,Todos somos estudiantes.,1,HSK1
h4i5j6k7l8m9,和,和,hé,and,y,我和朋友去喝茶。,wǒ hé péngyǒu qù hēchá.,Yo y mi amigo vamos a tomar té.,1,HSK1
i5j6k7l8m9n0,在,在,zài,be in,estar; en,他在家睡覺。,tā zài jiā shuìjiào.,Él está en casa durmiendo.,1,HSK1
j6k7l8m9n0o1,的,的,de,possessive particle,partícula posesiva,這是我的書。,zhè shì wǒ de shū.,Este es mi libro.,1,HSK1
k7l8m9n0o1p2,了,了,le,grammatical particle,partícula gramatical,我吃飯了。,wǒ chīfàn le.,Ya he comido.,1,HSK1
l8m9n0o1p2q3,嗎,嗎,ma,question particle,partícula de pregunta,你好嗎？,nǐ hǎo ma?,¿Cómo estás?,1,HSK1
m9n0o1p2q3r4,呢,呢,ne,question particle,partícula de pregunta,你呢？,nǐ ne?,¿Y tú?,1,HSK1
n0o1p2q3r4s5,餵,喂,wèi,hello (phone),hola (teléfono),喂請問王先生在嗎？,wèi qǐngwèn Wáng xiānshēng zài ma?,Hola ¿se encuentra el Sr. Wang?,1,HSK1
o1p2q3r4s5t6,家,家,jiā,home; family,casa; familia,我家有四口人。,wǒ jiā yǒu sì kǒu rén.,En mi familia hay cuatro personas.,1,HSK1
p2q3r4s5t6u7,學校,学校,xuéxiào,school,escuela,我在學校學漢語。,wǒ zài xuéxiào xué hànyǔ.,Estudio chino en la escuela.,1,HSK1
q3r4s5t6u7v8,飯店,饭店,fàndiàn,restaurant,restaurante,這家飯店的菜很好吃。,zhè jiā fàndiàn de cài hěn hǎochī.,La comida de este restaurante es muy rica.,1,HSK1
r4s5t6u7v8w9,商店,商店,shāngdiàn,store,tienda,我去商店買東西。,wǒ qù shāngdiàn mǎi dōngxī.,Voy a la tienda a comprar cosas.,1,HSK1
s5t6u7v8w9x0,醫院,医院,yīyuàn,hospital,hospital,他在醫院工作。,tā zài yīyuàn gōngzuò.,Él trabaja en un hospital.,1,HSK1
t6u1v2w3x4y5,火車站,火车站,huǒchēzhàn,train station,estación de tren,火車站在哪裡？,huǒchēzhàn zài nǎlǐ?,¿Dónde está la estación de tren?,1,HSK1
u1v2w3x4y5z6,中國,中国,zhōngguó,China,China,我想去中國旅遊。,wǒ xiǎng qù Zhōngguó lǚyóu.,Quiero ir a viajar a China.,1,HSK1
v2w3x4y5z6a7,北京,北京,běijīng,Beijing,Pekín,北京是很漂亮的城市。,Běijīng shì hěn piàoliang de chéngshì.,Pekín es una ciudad muy bonita.,1,HSK1
w3x4y5z6a7b8,上,上,shàng,above; on,arriba; sobre,桌子上有一本書。,zhuōzi shàng yǒu yī běn shū.,Hay un libro sobre la mesa.,1,HSK1
x4y5z6a7b8c9,下,下,xià,down; below,abajo; debajo,椅子下面有一隻貓。,yǐzi xiàmiàn yǒu yī zhī māo.,Hay un gato debajo de la silla.,1,HSK1
y5z6a7b8c9d0,前面,前面,qiánmiàn,front; ahead,frente; delante,他在我前面。,tā zài wǒ qiánmiàn.,Él está delante de mí.,1,HSK1
z6a7b8c9d0e1,後面,后面,hòumiàn,behind,detrás,商店在學校後面。,shāngdiàn zài xuéxiào hòumiàn.,La tienda está detrás de la escuela.,1,HSK1
a7b8c9d0e1f2,裡面,里面,lǐmiàn,inside; within,adentro; dentro,書在書包裡面。,shū zài shūbāo lǐmiàn.,El libro está dentro de la mochila.,1,HSK1
b8c9d0e1f2g3,今天,今天,jīntiān,today,hoy,今天天氣很好。,jīntiān tiānqì hěn hǎo.,Hoy hace muy buen tiempo.,1,HSK1
c9d0e1f2g3h4,明天,明天,míngtiān,tomorrow,mañana,明天是星期一。,míngtiān shì xīngqīyī.,Mañana es lunes.,1,HSK1
d0e1f2g3h4i5,昨天,昨天,zuótiān,yesterday,ayer,昨天下午下雨了。,zuótiān xiàwǔ xiàyǔ le.,Ayer por la tarde llovió.,1,HSK1
e1f2g3h4i5j6,上午,上午,shàngwǔ,tomorrow (am),mañana (am),我上午八點上課。,wǒ shàngwǔ bā diǎn shàngkè.,Tengo clase a las ocho de la mañana.,1,HSK1
f2g3h4i5j6k7,中午,中午,zhōngwǔ,noon,mediodía,我們中午一起吃飯吧。,wǒmen zhōngwǔ yìqǐ chīfàn ba.,Comamos juntos al mediodía.,1,HSK1
g3h8i9j0k1l2,下午,下午,xiàwǔ,afternoon (pm),tarde (pm),下午我去商店。,xiàwǔ wǒ qù shāngdiàn.,Por la tarde voy a la tienda.,1,HSK1
h4i5j6k7l8m9,年,年,nián,year,año,我在中國住了三年。,wǒ zài Zhōngguó zhùle sān nián.,Viví en China tres años.,1,HSK1
i5j6k7l8m9n0,月,月,yuè,month,mes,一年有十二個月。,yī nián yǒu shí'èr gè yuè.,Un año tiene doce meses.,1,HSK1
j6k7l8m9n0o1,日,日,rì,day,día,今天是五月一號（日）。,jīntiān shì wǔ yuè yī hào (rì).,Hoy es uno de mayo.,1,HSK1
k7l8m9n0o1p2,星期,星期,xīngqī,week,semana,一個星期有七天。,yī gè xīngqī yǒu qī tiān.,Una semana tiene siete días.,1,HSK1
l8m9n0o1p2q3,點,点,diǎn,on the hour; time,en punto; hora,現在是三點。,xiànzài shì sān diǎn.,Ahora son las tres.,1,HSK1
m9n0o1p2q3r4,分鐘,分钟,fēnzhōng,minute,minuto,我等了你十分鐘。,wǒ děngle nǐ shí fēnzhōng.,Te esperé diez minutos.,1,HSK1
n0o1p2q3r4s5,現在,现在,xiànzài,now,ahora,現在幾點？,xiànzài jǐ diǎn?,¿Qué hora es ahora?,1,HSK1
o1p2q3r4s5t6,時候,时候,shíhou,moment; time,momento; tiempo,你什麼時候回家？,nǐ shénme shíhou huí jiā?,¿Cuándo vuelves a casa?,1,HSK1
p2q3r4s5t6u7,爸爸,爸爸,bàba,dad,papá,我爸爸是老師。,wǒ bàba shì lǎoshī.,Mi papá es profesor.,1,HSK1
q3r4s5t6u7v8,媽媽,妈妈,māma,mother,mamá,我媽媽很漂亮。,wǒ māma hěn piàoliang.,Mi mamá es muy bonita.,1,HSK1
r4s5t6u7v8w9,兒子,儿子,érzi,son,hijo,我有兩個兒子。,wǒ yǒu liǎng gè érzi.,Tengo dos hijos.,1,HSK1
s5t6u7v8w9x0,女兒,女儿,nǚ'ér,daughter,hija,我女兒三歲了。,wǒ nǚ'ér sān suì le.,Mi hija tiene tres años.,1,HSK1
t6u1v2w3x4y5,老師,老师,lǎoshī,teacher,profesor,王老師在教漢語。,Wáng lǎoshī zài jiāo hànyǔ.,El profesor Wang está enseñando chino.,1,HSK1
u1v2w3x4y5z6,學生,学生,xuésheng,student,estudiante,他是我的學生。,tā shì wǒ de xuésheng.,Él es mi estudiante.,1,HSK1
v2w3x4y5z6a7,同學,同学,tóngxué,classmate,compañero de clase,他們是我的同學。,tāmen shì wǒ de tóngxué.,Ellos son mis compañeros de clase.,1,HSK1
w3x4y5z6a7b8,朋友,朋友,péngyǒu,friend,amigo,他是我最好的朋友。,tā shì wǒ zuì hǎo de péngyǒu.,Él es mi mejor amigo.,1,HSK1
x4y5z6a7b8c9,醫生,医生,yīshēng,doctor,médico,我去醫院看醫生。,wǒ qù yīyuàn kàn yīshēng.,Voy al hospital a ver al médico.,1,HSK1
y5z6a7b8c9d0,先生,先生,xiānsheng,sir; husband,señor; esposo,王先生在辦公室。,Wáng xiānsheng zài bàngōngshì.,El Sr. Wang está en la oficina.,1,HSK1
z6a7b8c9d0e1,小姐,小姐,xiǎojiě,Miss,señorita,李小姐很客氣。,Lǐ xiǎojiě hěn kèqi.,La Srta. Li es muy amable.,1,HSK1
a7b8c9d0e1f2,衣服,衣服,yīfu,clothes,ropa,這件衣服很漂亮。,zhè jiàn yīfu hěn piàoliang.,Esta ropa es muy bonita.,1,HSK1
b8c9d0e1f2g3,水,水,shuǐ,water,agua,請給我一杯水。,qǐng gěi wǒ yī bēi shuǐ.,"Por favor, dame un vaso de agua.",1,HSK1
c9d0e1f2g3h4,水果,水果,shuǐguǒ,fruit,fruta,你想吃什麼水果？,nǐ xiǎng chī shénme shuǐguǒ?,¿Qué fruta quieres comer?,1,HSK1
d0e1f2g3h4i5,蘋果,苹果,píngguǒ,apple,manzana,紅色的蘋果很好吃。,hóngsè de píngguǒ hěn hǎochī.,Las manzanas rojas son muy ricas.,1,HSK1
e1f2g3h4i5j6,茶,茶,chá,tea,té,中國人喜歡喝熱茶。,Zhōngguórén xǐhuān hē rè chá.,A los chinos les gusta beber té caliente.,1,HSK1
f2g3h4i5j6k7,米飯,米饭,mǐfàn,cooked rice,arroz cocido,我每天中午都吃米飯。,wǒ měitiān zhōngwǔ dōu chī mǐfàn.,Como arroz todos los días al mediodía.,1,HSK1
g3h8i9j0k1l2,菜,菜,cài,dish; vegetable,plato; verdura,這道菜的味道不錯。,zhè dào cài de wèidào bùcuò.,El sabor de este plato no está mal.,1,HSK1
h4i5j6k7l8m9,杯子,杯子,bēizi,glass; cup,vaso; taza,桌子上有一個杯子。,zhuōzi shàng yǒu yīgè bēizi.,Hay una taza sobre la mesa.,1,HSK1
i5j6k7l8m9n0,錢,钱,qián,money,dinero,你有多少錢？,nǐ yǒu duōshǎo qián?,¿Cuánto dinero tienes?,1,HSK1
j6k7l8m9n0o1,飛機,飞机,fēijī,plane,avión,我坐飛機去北京。,wǒ zuò fēijī qù Běijīng.,Voy a Pekín en avión.,1,HSK1
k7l8m9n0o1p2,出租車,出租车,chūzūchē,Taxi,taxi,我們打出租車去飯店吧。,wǒmen dǎ chūzūchē qù fàndiàn ba.,Vayamos al restaurante en taxi.,1,HSK1
l8m9n0o1p2q3,電視,电视,diànshì,television,televisión,我喜歡看電視。,wǒ xǐhuān kàn diànshì.,Me gusta ver la televisión.,1,HSK1
m9n0o1p2q3r4,電腦,电脑,diànnǎo,computer,computadora,他在用電腦工作。,tā zài yòng diànnǎo gōngzuò.,Él está trabajando con la computadora.,1,HSK1
n0o1p2q3r4s5,電影,电影,diànyǐng,movie,película,你昨天看了什麼電影？,nǐ zuótiān kànle shénme diànyǐng?,¿Qué película viste ayer?,1,HSK1
o1p2q3r4s5t6,天氣,天气,tiānqì,time; climate,tiempo; clima,明天的天氣怎麼樣？,míngtiān de tiānqì zěnmeyàng?,¿Cómo será el tiempo mañana?,1,HSK1
p2q3r4s5t6u7,貓,猫,māo,cat,gato,我有一隻小黑貓。,wǒ yǒu yī zhī xiǎo hēi māo.,Tengo un pequeño gato negro.,1,HSK1
q3r4s5t6u7v8,狗,狗,gǒu,dog,perro,那隻狗在跑步。,nà zhī gǒu zài pǎobù.,Ese perro está corriendo.,1,HSK1
r4s5t6u7v8w9,東西,东西,dōngxi,thing; object,cosa; objeto,他在商店買東西。,tā zài shāngdiàn mǎi dōngxi.,Él está comprando cosas en la tienda.,1,HSK1
s5t6u7v8w9x0,人,人,rén,person,persona,商店裡有很多人。,shāngdiàn lǐ yǒu hěn duō rén.,Hay mucha gente en la tienda.,1,HSK1
t6u1v2w3x4y5,名字,名字,míngzi,name,nombre,你的名字叫什麼？,nǐ de míngzi jiào shénme?,¿Cómo te llamas?,1,HSK1
u1v2w3x4y5z6,書,书,shū,book,libro,我喜歡看中文書。,wǒ xǐhuān kàn Zhōngwén shū.,Me gusta leer libros en chino.,1,HSK1
v2w3x4y5z6a7,漢語,汉语,hànyǔ,Chinese language,idioma chino,漢語不難學。,Hànyǔ bù nán xué.,El idioma chino no es difícil de aprender.,1,HSK1
w3x4y5z6a7b8,字,字,zì,character; letter,carácter; letra,我不認識這個字。,wǒ bù rènshi zhège zì.,No reconozco este carácter.,1,HSK1
x4y5z6a7b8c9,桌子,桌子,zhuōzi,table,mesa,電腦在桌子上。,diànnǎo zài zhuōzi shàng.,La computadora está sobre la mesa.,1,HSK1
y5z6a7b8c9d0,椅子,椅子,yǐzi,chair,silla,請坐在椅子上。,qǐng zuò zài yǐzi shàng.,"Por favor, siéntate en la silla.",1,HSK1
z6a7b8c9d0e1,謝謝,谢谢,xièxie,thank you,gracias,謝謝你的幫助。,xièxie nǐ de bāngzhù.,Gracias por tu ayuda.,1,HSK1
a7b8c9d0e1f2,不客氣,不客气,bù kèqi,you are welcome,de nada,不客氣 這是應該的。,bù kèqi zhè shì yīnggāi de.,De nada es lo que debía hacer.,1,HSK1
b8c9d0e1f2g3,再見,再见,zàijiàn,bye,adiós,老師 再見！,Lǎoshī zàijiàn!,¡Adiós profesor!,1,HSK1
c9d0e1f2g3h4,請,请,qǐng,Please invite,por favor; invitar,請進 請坐。,qǐng jìn qǐng zuò.,Pase por favor; tome asiento.,1,HSK1
d0e1f2g3h4i5,對不起,对不起,duìbuqǐ,I'm sorry,lo siento,對不起 我遲到了。,duìbuqǐ wǒ chídào le.,Lo siento llego tarde.,1,HSK1
e1f2g3h4i5j6,沒關係,没关系,méiguānxi,It doesn't matter,no importa,沒關係 我不介意。,méiguānxi wǒ bù jièyì.,No importa no me importa.,1,HSK1
f2g3h4i5j6k7,聽,听,tīng,hear,escuchar,你聽 那是誰在唱歌？,nǐ tīng nà shì shéi zài chànggē?,Escucha ¿quién está cantando?,1,HSK1
g3h8i9j0k1l2,說,说,shuō,to speak; to say,hablar; decir,你會說漢語嗎？,nǐ huì shuō Hànyǔ ma?,¿Sabes hablar chino?,1,HSK1
h4i5j6k7l8m9,讀,读,dú,read,leer,他在讀一本很有意思的書。,tā zài dú yī běn hěn yǒuyìsi de shū.,Él está leyendo un libro muy interesante.,1,HSK1
i5j6k7l8m9n0,寫,写,xiě,write,escribir,我每天都寫漢字。,wǒ měitiān dōu xiě Hànzì.,Escribo caracteres chinos todos los días.,1,HSK1
j6k7l8m9n0o1,看,看,kàn,see; look,ver; mirar,你看 那邊有隻大狗。,nǐ kàn nàbiān yǒu zhī dà gǒu.,Mira hay un perro grande allí.,1,HSK1
k7l8m9n0o1p2,看見,看见,kànjiàn,see; spot,ver; divisar,我昨天在商店看見他了。,wǒ zuótiān zài shāngdiàn kànjiàn tā le.,Ayer lo vi en la tienda.,1,HSK1
l8m9n0o1p2q3,叫,叫,jiào,to be called; to shout,llamarse; gritar,他叫什麼名字？,tā jiào shénme míngzi?,¿Cómo se llama él?,1,HSK1
m9n0o1p2q3r4,來,来,lái,come,venir,歡迎來我家玩。,huānyíng lái wǒ jiā wán.,Bienvenido a mi casa a pasar el rato.,1,HSK1
n0o1p2q3r4s5,回,回,huí,return; come back,volver; regresar,我下午五點回家。,wǒ xiàwǔ wǔ diǎn huí jiā.,Vuelvo a casa a las cinco de la tarde.,1,HSK1
o1p2q3r4s5t6,去,去,qù,go,ir,我想去商店買水果,wǒ xiǎng qù shāngdiàn mǎi shuǐguǒ,Quiero ir a la tienda a comprar fruta,1,HSK1
p2q3r4s5t6u7,吃,吃,chī,eat,comer,我們去餐廳吃飯吧,wǒmen qù cāntīng chīfàn ba,Vamos a comer al restaurante,1,HSK1
q3r4s5t6u7v8,喝,喝,hē,drink,beber,你想喝茶還是喝咖啡,nǐ xiǎng hē chá háishì hē kāfēi,Quieres beber té o café,1,HSK1
r4s5t6u7v8w9,睡覺,睡觉,shuìjiào,sleep,dormir,他現在在房間睡覺,tā xiànzài zài fángjiān shuìjiào,Él ahora está durmiendo en la habitación,1,HSK1
s5t6u7v8w9x0,打電話,打电话,dǎ diànhuà,telephone,llamar por teléfono,他在給爸爸打電話,tā zài gěi bàba dǎ diànhuà,Él le está llamando por teléfono a su papá,1,HSK1
t6u1v2w3x4y5,做,做,zuò,do,hacer,你在做什麼工作,nǐ zài zuò shénme gōngzuò,Qué trabajo haces,1,HSK1
u1v2w3x4y5z6,買,买,mǎi,buy,comprar,我想買一件新衣服,wǒ xiǎng mǎi yī jiàn xīn yīfu,Quiero comprar una ropa nueva,1,HSK1
v2w3x4y5z6a7,開,开,kāi,open; drive,abrir; conducir,他會開車去上班,tā huì kāichē qù shàngbān,Él sabe conducir al trabajo,1,HSK1
w3x4y5z6a7b8,坐,坐,zuò,sit; travel in,sentarse; viajar en,請坐下喝杯熱茶,qǐng zuòxià hē bēi rè chá,Por favor siéntate a beber una taza de té caliente,1,HSK1
x4y5z6a7b8c9,住,住,zhù,live; reside,vivir; residir,我住在北京三年了,wǒ zhù zài Běijīng sān nián le,Vivo en Pekín desde hace tres años,1,HSK1
y5z6a7b8c9d0,學習,学习,xuéxí,study,estudiar,他在大學學習漢語,tā zài dàxué xuéxí Hànyǔ,Él estudia chino en la universidad,1,HSK1
z6a7b8c9d0e1,工作,工作,gōngzuò,work; job,trabajar; trabajo,我爸爸在醫院工作,wǒ bàba zài yīyuàn gōngzuò,Mi papá trabaja en un hospital,1,HSK1
a7b8c9d0e1f2,下雨,下雨,xiàyǔ,rain,llover,昨天下午下雨了,zuótiān xiàwǔ xiàyǔ le,Ayer por la tarde llovió,1,HSK1
b8c9d0e1f2g3,愛,爱,ài,love,amar,我愛我的家和朋友,wǒ ài wǒ de jiā hé péngyǒu,Amo a mi familia y amigos,1,HSK1
c9d0e1f2g3h4,想,想,xiǎng,to want; to think,querer; pensar,我想去中國看長城,wǒ xiǎng qù Zhōngguó kàn Chángchéng,Quiero ir a China a ver la Gran Muralla,1,HSK1
d0e1f2g3h4i5,喜歡,喜欢,xǐhuān,like,gustar,她喜歡聽音樂看電影,tā xǐhuān tīng yīnyuè kàn diànyǐng,A ella le gusta escuchar música y ver películas,1,HSK1
e1f2g3h4i5j6,認識,认识,rènshi,know,conocer,很高興認識你,hěn gāoxìng rènshi nǐ,Mucho gusto en conocerte,1,HSK1
f2g3h4i5j6k7,會,会,huì,to know; to be able,saber; poder,我會說一點兒漢語,wǒ huì shuō yīdiǎnr Hànyǔ,Sé hablar un poco de chino,1,HSK1
g3h8i9j0k1l2,能,能,néng,power; being able,poder; ser capaz,你在這裡能看見他嗎,nǐ zài zhèlǐ néng kànjiàn tā ma,Puedes verle desde aquí,1,HSK1
h4i5j6k7l8m9,漂亮,漂亮,piàoliang,pretty; beautiful,bonito; hermoso,這朵花真漂亮,zhè duǒ huā zhēn piàoliang,Esta flor es realmente bonita,1,HSK1
i5j6k7l8m9n0,高興,高兴,gāoxìng,happy; cheerful,feliz; alegre,我今天很高興,wǒ jīntiān hěn gāoxìng,Hoy estoy muy feliz,1,HSK1
j6k7l8m9n0o1,好,好,hǎo,good; well,bueno; bien,他是我的好朋友,tā shì wǒ de hǎo péngyǒu,Él es mi buen amigo,1,HSK1
k7l8m9n0o1p2,大,大,dà,big,grande,這個蘋果很大很好吃,zhège píngguǒ hěn dà hěn hǎochī,Esta manzana es muy grande y rica,1,HSK1
l8m9n0o1p2q3,小,小,xiǎo,little,pequeño,那隻小貓真可愛,nà zhī xiǎo māo zhēn kě'ài,Ese gatito es realmente lindo,1,HSK1
m9n0o1p2q3r4,多,多,duō,a lot; many,mucho; muchos,商店裡有很多人,shāngdiàn lǐ yǒu hěn duō rén,Hay mucha gente en la tienda,1,HSK1
n0o1p2q3r4s5,少,少,shǎo,little; few,poco; pocos,杯子裡的水很少,bēizi lǐ de shuǐ hěn shǎo,Hay muy poca agua en el vaso,1,HSK1
o1p2q3r4s5t6,冷,冷,lěng,cold,frío,今天的天氣很冷,jīntiān de tiānqì hěn lěng,Hoy hace mucho frío,1,HSK1
p2q3r4s5t6u7,熱,热,rè,hot; heat,caliente; calor,這杯咖啡太熱了,zhè bēi kāfēi tài rè le,Este café está demasiado caliente,1,HSK1
q3r4s5t6u7v8,點兒,点儿,diǎnr,a bit,un poco,我想喝點兒水,wǒ xiǎng hē diǎnr shuǐ,Quiero beber un poco de agua,1,HSK1
r4s5t6u7v8w9,些,些,xiē,some,algunos,這些東西是誰的,zhèxiē dōngxi shì shéi de,De quién son estas cosas,1,HSK1
s5t6u7v8w9x0,太...了,太...了,tài...le,too much,demasiado,這件衣服太貴了,zhè jiàn yīfu tài guì le,Esta ropa es demasiado cara,1,HSK1
t6u1v2w3x4y5,都,都,dōu,all,todos,我們都是中國人,wǒmen dōu shì Zhōngguórén,Todos somos chinos,1,HSK1
u1v2w3x4y5z6,看,看,kàn,look; see,mirar; ver,你看那是什麼東西,nǐ kàn nà shì shénme dōngxi,Mira qué es aquello,1,HSK1
v2w3x4y5z6a7,想,想,xiǎng,to think; to want,pensar; querer,我想回家睡覺了,wǒ xiǎng huíjiā shuìjiào le,Ya quiero volver a casa a dormir,1,HSK1
h2a1b2c3d4e5,吧,吧,ba,particle suggestion,partícula sugerencia,我們去吃飯吧,wǒmen qù chīfàn ba,Vamos a comer,2,HSK2
h2b2c3d4e5f6,白,白,bái,white,blanco,這件衣服是白色的,zhè jiàn yīfu shì báisè de,Esta ropa es de color blanco,2,HSK2
h2c3d4e5f6g7,百,百,bǎi,hundred,cien,這本書一百塊錢,zhè běn shū yībǎi kuài qián,Este libro cuesta cien yuanes,2,HSK2
h2d4e5f6g7h8,幫助,帮助,bāngzhù,help,ayudar,謝謝你的幫助,xièxie nǐ de bāngzhù,Gracias por tu ayuda,2,HSK2
h2e5f6g7h8i9,報紙,报纸,bàozhǐ,newspaper,periódico,我每天早上看報紙,wǒ měitiān zǎoshang kàn bàozhǐ,Leo el periódico cada mañana,2,HSK2
h2f6g7h8i9j0,比,比,bǐ,compare; that,comparar; que,他比我高,tā bǐ wǒ gāo,Él es más alto que yo,2,HSK2
h2g7h8i9j0k1,別,别,bié,no; another,no; otro,別忘了帶雨傘,bié wàngle dài yǔsǎn,No olvides traer el paraguas,2,HSK2
h2h8i9j0k1l2,長,长,cháng,long,largo,這條路很長,zhè tiáo lù hěn cháng,Este camino es muy largo,2,HSK2
h2i9j0k1l2m3,唱歌,唱歌,chànggē,sing,cantar,她唱歌唱得很好聽,tā chànggē chàng de hěn hǎotīng,Ella canta muy bien,2,HSK2
h2j0k1l2m3n4,出,出,chū,go out,salir,他已經出去了,tā yǐjīng chūqù le,Él ya ha salido,2,HSK2
h2k1l2m3n4o5,穿,穿,chuān,to wear; to use,vestir; usar,今天很冷多穿點衣服,jīntiān hěn lěng duō chuān diǎn yīfu,Hoy hace frío ponte más ropa,2,HSK2
h2l2m3n4o5p6,次,次,cì,time,vez,我去過北京三次,wǒ qùguò Běijīng sān cì,He estado en Pekín tres veces,2,HSK2
h2m3n4o5p6q7,從,从,cóng,from,desde,我從家到學校要十分鐘,wǒ cóng jiā dào xuéxiào yào shí fēnzhōng,Tardo diez minutos desde casa a la escuela,2,HSK2
h2n4o5p6q7r8,錯,错,cuò,error; mistake,error; equivocado,對不起我錯了,duìbuqǐ wǒ cuò le,Lo siento me he equivocado,2,HSK2
h2o5p6q7r8s9,打籃球,打篮球,dǎ lánqiú,play basketball,jugar baloncesto,我們下午去打籃球吧,wǒmen xiàwǔ qù dǎ lánqiú ba,Vamos a jugar al baloncesto esta tarde,2,HSK2
h2p6q7r8s9t0,大家,大家,dàjiā,all,todos,請大家安靜,qǐng dàjiā ānjìng,Por favor que todos guarden silencio,2,HSK2
h2q7r8s9t0u1,到,到,dào,arrive,llegar,火車快到了,huǒchē kuài dào le,El tren está por llegar,2,HSK2
h2r8s9t0u1v2,得,得,de,particle of degree,partícula de grado,他跑得很快,tā pǎo de hěn kuài,Él corre muy rápido,2,HSK2
h2s9t0u1v2w3,等,等,děng,wait,esperar,我在門口等你,wǒ zài ménkǒu děng nǐ,Te espero en la puerta,2,HSK2
h2t0u1v2w3x4,弟弟,弟弟,dìdi,younger brother,hermano menor,我弟弟是學生,wǒ dìdi shì xuésheng,Mi hermano menor es estudiante,2,HSK2
h2u1v2w3x4y5,第一,第一,dì-yī,first,primero,這是我第一次來中國,zhè shì wǒ dì-yī cì lái Zhōngguó,Esta es mi primera vez en China,2,HSK2
h2v2w3x4y5z6,懂,懂,dǒng,understand,entender,你懂我的意思嗎,nǐ dǒng wǒ de yìsi ma,Entiendes lo que quiero decir,2,HSK2
h2w3x4y5z6a7,對,对,duì,correct; towards,correcto; hacia,你說得很對,nǐ shuō de hěn duì,Lo que dices es correcto,2,HSK2
h2x4y5z6a7b8,對,对,duì,towards; for,hacia; para,跑步對身體很好,pǎobù duì shēntǐ hěn hǎo,Correr es bueno para el cuerpo,2,HSK2
h2y5z6a7b8c9,房間,房间,fángjiān,room,habitación,我的房間很乾淨,wǒ de fángjiān hěn gānjìng,Mi habitación está muy limpia,2,HSK2
h2z6a7b8c9d0,非常,非常,fēicháng,very; extremely,muy; extremadamente,今天的天氣非常熱,jīntiān de tiānqì fēicháng rè,Hoy el clima es extremadamente caluroso,2,HSK2
h2a7b8c9d0e1,服務員,服务员,fúwùyuán,waiter,camarero,服務員請給我菜單,fúwùyuán qǐng gěi wǒ càidān,Camarero por favor deme el menú,2,HSK2
h2b8c9d0e1f2,高,高,gāo,high,alto,他的個子很高,tā de gèzi hěn gāo,Él es muy alto,2,HSK2
h2c9d0e1f2g3,告訴,告诉,gàosu,to say; to tell,decir; contar,請告訴我你的電話號碼,qǐng gàosu wǒ nǐ de diànhuà hàomǎ,Por favor dime tu número de teléfono,2,HSK2
h2d0e1f2g3h4,哥哥,哥哥,gēge,older brother,hermano mayor,我哥哥在公司工作,wǒ gēge zài gōngsī gōngzuò,Mi hermano mayor trabaja en una empresa,2,HSK2
h2e1f2g3h4i5,給,给,gěi,to give; to,dar; para,請給我一杯水,qǐng gěi wǒ yī bēi shuǐ,Por favor dame un vaso de agua,2,HSK2
h2f2g3h4i5j6,公共汽車,公共汽车,gōnggòng qìchē,bus,autobús,我坐公共汽車去學校,wǒ zuò gōnggòng qìchē qù xuéxiào,Voy a la escuela en autobús,2,HSK2
h2g3h4i5j6k7,公司,公司,gōngsī,company,empresa,他在一家很大的公司工作,tā zài yī jiā hěn dà de gōngsī gōngzuò,Él trabaja en una empresa muy grande,2,HSK2
h2h4i5j6k7l8,狗,狗,gǒu,dog,perro,這隻狗很聽話,zhè zhī gǒu hěn tīnghuà,Este perro es muy obediente,2,HSK2
h2i5j6k7l8m9,貴,贵,guì,expensive,caro,這件衣服太貴了,zhè jiàn yīfu tài guì le,Esta ropa es demasiado cara,2,HSK2
h2j6k7l8m9n0,過,过,guò,pass; particle experience,pasar; partícula experiencia,時間過得真快,shíjiān guò de zhēn kuài,El tiempo pasa realmente rápido,2,HSK2
h2k7l8m9n0o1,還,还,hái,still; yet,aún; todavía,他還沒起床呢,tā hái méi qǐchuáng ne,Él todavía no se ha levantado,2,HSK2
h2l8m9n0o1p2,孩子,孩子,háizi,child; son,niño; hijo,校園裡有很多孩子,xiàoyuán lǐ yǒu hěn duō háizi,Hay muchos niños en el campus,2,HSK2
h2m9n0o1p2q3,好吃,好吃,hǎochī,rich; delicious,rico; delicioso,這家飯店的菜很好吃,zhè jiā fàndiàn de cài hěn hǎochī,La comida de este restaurante es deliciosa,2,HSK2
h2n0o1p2q3r4,黑,黑,hēi,black,negro,我有一雙黑色的鞋子,wǒ yǒu yī shuāng hēisè de xiézi,Tengo un par de zapatos negros,2,HSK2
h2o1p2q3r4s5,紅,红,hóng,red,rojo,她穿了一件紅色的毛衣,tā chuānle yī jiàn hóngsè de máoyī,Ella se puso un jersey rojo,2,HSK2
h2p2q3r4s5t6,歡迎,欢迎,huānyíng,welcome,bienvenido,歡迎來到北京,huānyíng láidào Běijīng,Bienvenido a Pekín,2,HSK2
h2q3r4s5t6u7,回答,回答,huídá,reply,responder,請回答我的問題,qǐng huídá wǒ de wèntí,Por favor responde a mi pregunta,2,HSK2
h2r4s5t6u7v8,機場,机场,jīchǎng,airport,aeropuerto,我現在去機場接朋友,wǒ xiànzài qù jīchǎng jiē péngyǒu,Ahora voy al aeropuerto a recoger a un amigo,2,HSK2
h2s5t6u7v8w9,雞蛋,鸡蛋,jīdàn,egg,huevo,我早餐吃了一個雞蛋,wǒ zǎocān chīle yīgè jīdàn,Desayuné un huevo,2,HSK2
h2t6u7v8w9x0,件,件,jiàn,sorter (clothing),clasificador (ropa),這件毛衣很漂亮,zhè jiàn máoyī hěn piàoliang,Este jersey es muy bonito,2,HSK2
h2u7v8w9x0y1,教室,教室,jiàoshì,classroom,aula,學生們都在教室裡,xuéshengmen dōu zài jiàoshì lǐ,Los estudiantes están todos en el aula,2,HSK2
h2v8w9x0y1z2,姐姐,姐姐,jiějie,older sister,hermana mayor,我姐姐是醫生,wǒ jiějie shì yīshēng,Mi hermana mayor es médico,2,HSK2
h2w9x0y1z2a3,介紹,介绍,jièshào,introduce,presentar,我來介紹一下我的朋友,wǒ lái jièshào yīxià wǒ de péngyǒu,Permítame presentar a mi amigo,2,HSK2
h2x0y1z2a3b4,進,进,jìn,enter,entrar,請進快坐下吧,qǐng jìn kuài zuòxià ba,Por favor entra y siéntate rápido,2,HSK2
h2y1z2a3b4c5,近,近,jìn,near,cerca,我家離學校很近,wǒ jiā lí xuéxiào hěn jìn,Mi casa está muy cerca de la escuela,2,HSK2
h2z2a3b4c5d6,就,就,jiù,then; immediately,entonces; inmediatamente,我就要下班了,wǒ jiù yào xiàbān le,Ya casi voy a salir del trabajo,2,HSK2
h2a3b4c5d6e7,覺得,觉得,juéde,feel; think,sentir; pensar,我覺得這本書很有意思,wǒ juéde zhè běn shū hěn yǒuyìsi,Pienso que este libro es muy interesante,2,HSK2
h2b4c5d6e7f8,咖啡,咖啡,kāfēi,coffee,café,你想喝咖啡還是喝茶,nǐ xiǎng hē kāfēi háishì hē chá,Quieres beber café o té,2,HSK2
h2c5d6e7f8g9,開始,开始,kāishǐ,begin,empezar,我們現在開始上課,wǒmen xiànzài kāishǐ shàngkè,Empezamos la clase ahora,2,HSK2
h2d6e7f8g9h0,考試,考试,kǎoshì,exam,examen,明天的考試很重要,míngtiān de kǎoshì hěn zhòngyào,El examen de mañana es muy importante,2,HSK2
h2e7f8g9h0i1,可能,可能,kěnéng,possible; perhaps,posible; quizás,明天可能會下雨,míngtiān kěnéng huì xiàyǔ,Mañana es posible que llueva,2,HSK2
h2f8g9h0i1j2,可以,可以,kěyǐ,to be able; to be allowed,poder; estar permitido,我可以坐在這裡嗎,wǒ kěyǐ zuò zài zhèlǐ ma,Puedo sentarme aquí,2,HSK2
h2g9h0i1j2k3,課,课,kè,class; lesson,clase; lección,今天的課很有趣,jīntiān de kè hěn yǒuqù,La lección de hoy es muy interesante,2,HSK2
h2h0i1j2k3l4,快,快,kuài,fast,rápido,火車開得很快,huǒchē kāi de hěn kuài,El tren va muy rápido,2,HSK2
h2i1j2k3l4m5,快樂,快乐,kuàilè,happy,feliz,祝你生日快樂,zhù nǐ shēngrì kuàilè,Te deseo un feliz cumpleaños,2,HSK2
h2j2k3l4m5n6,累,累,lèi,tired,cansado,工作了一天我很累,gōngzuòle yītiān wǒ hěn lèi,Después de trabajar todo el día estoy muy cansado,2,HSK2
h2k3l4m5n6o7,離,离,lí,distance of,distancia de,我家離超市很遠,wǒ jiā lí chāoshì hěn yuǎn,Mi casa está lejos del supermercado,2,HSK2
h2l4m5n6o7p8,兩,两,liǎng,two (quantity),dos (cantidad),桌上有兩個蘋果,zhuō shàng yǒu liǎng gè píngguǒ,Hay dos manzanas sobre la mesa,2,HSK2
h2m5n6o7p8q9,路,路,lù,road; street,camino; calle,這條路很寬,zhè tiáo lù hěn kuān,Este camino es muy ancho,2,HSK2
h2n6o7p8q9r0,旅遊,旅游,lǚyóu,travel,viajar,我們明年去中國旅遊,wǒmen míngnián qù Zhōngguó lǚyóu,El año que viene viajaremos a China,2,HSK2
h2o7p8q9r0s1,賣,卖,mài,sell,vender,這個商店賣水果,zhège shāngdiàn mài shuǐguǒ,Esta tienda vende fruta,2,HSK2
h2p8q9r0s1t2,慢,慢,màn,slow,lento,請說得慢一點兒,qǐng shuō de màn yīdiǎnr,Por favor habla un poco más lento,2,HSK2
h2q9r0s1t2u3,忙,忙,máng,busy,ocupado,我最近工作很忙,wǒ zuìjìn gōngzuò hěn máng,Últimamente estoy muy ocupado con el trabajo,2,HSK2
h2r0s1t2u3v4,每,每,měi,each,cada,我每天早上跑步,wǒ měitiān zǎoshang pǎobù,Corro cada mañana,2,HSK2
h2s1t2u3v4w5,妹妹,妹妹,mèimei,younger sister,hermana menor,我的妹妹很聰明,wǒ de mèimei hěn cōngming,Mi hermana menor es muy inteligente,2,HSK2
h2t2u3v4w5x6,門,门,mén,door,puerta,請把門打開,qǐng bǎ mén dǎkāi,Por favor abre la puerta,2,HSK2
h2u3v4w5x6y7,男人,男人,nánrén,man,hombre,他是個很好的男人,tā shì gè hěn hǎo de nánrén,Él es un buen hombre,2,HSK2
h2v4w5x6y7z8,您,您,nín,you,usted,老師您好,lǎoshī nín hǎo,Hola profesor (formal),2,HSK2
h2w5x6y7z8a9,牛奶,牛奶,niúnǎi,milk,leche,我喜歡喝熱牛奶,wǒ xǐhuān hē rè niúnǎi,Me gusta beber leche caliente,2,HSK2
h2x6y7z8a9b0,女人,女人,nǚrén,women,mujer,那個女人在看書,nàge nǚrén zài kànshū,Esa mujer está leyendo un libro,2,HSK2
h2y7z8a9b0c1,旁邊,旁边,pángbiān,side; next to,lado; al lado,學校旁邊有一家書店,xuéxiào pángbiān yǒu yī jiā shūdiàn,Al lado de la escuela hay una librería,2,HSK2
h2z7a9b0c1d2,跑步,跑步,pǎobù,run,correr,我每天早上都去跑步,wǒ měitiān zǎoshang dōu qù pǎobù,Voy a correr todas las mañanas,2,HSK2
h2a8b9c0d1e2,便宜,便宜,piányi,cheap,barato,這件衣服很便宜,zhè jiàn yīfu hěn piányi,Esta ropa es muy barata,2,HSK2
h2b9c0d1e2f3,票,票,piào,ticket; admission,billete; entrada,火車票多少錢,huǒchēpiào duōshǎo qián,Cuánto cuesta el billete de tren,2,HSK2
h2c0d1e2f3g4,妻子,妻子,qīzi,wife,esposa,他的妻子是醫生,tā de qīzi shì yīshēng,Su esposa es médico,2,HSK2
h2d1e2f3g4h5,起床,起床,qǐchuáng,get out of bed,levantarse de la cama,我每天六點起床,wǒ měitiān liù diǎn qǐchuáng,Me levanto a las seis todos los días,2,HSK2
h2e2f3g4h5i6,千,千,qiān,thousand,mil,這個電腦要五千塊,zhège diànnǎo yào wǔqiān kuài,Esta computadora cuesta cinco mil yuanes,2,HSK2
h2f3g4h5i6j7,鉛筆,铅笔,qiānbǐ,pencil,lápiz,請借我一支鉛筆,qǐng jiè wǒ yī zhī qiānbǐ,Por favor préstame un lápiz,2,HSK2
h2g4h5i6j7k8,晴,晴,qíng,clear; sunny,despejado; soleado,今天的天氣很晴朗,jīntiān de tiānqì hěn qínglǎng,El tiempo hoy está muy soleado,2,HSK2
h2h5i6j7k8l9,去年,去年,qùnián,last year,el año pasado,去年我去中國旅遊了,qùnián wǒ qù Zhōngguó lǚyóule,El año pasado viajé a China,2,HSK2
h2i6j7k8l9m0,讓,让,ràng,to leave; to allow,dejar; permitir,請讓他進來吧,qǐng ràng tā jìnlái ba,Por favor déjalo entrar,2,HSK2
h2j7k8l9m0n1,上班,上班,shàngbān,go to work,ir a trabajar,我每天八點上班,wǒ měitiān bā diǎn shàngbān,Empiezo a trabajar a las ocho todos los días,2,HSK2
h2k8l9m0n1o2,身體,身体,shēntǐ,body; health,cuerpo; salud,多運動對身體好,duō yùndòng duì shēntǐ hǎo,Hacer mucho ejercicio es bueno para la salud,2,HSK2
h2l9m0n1o2p3,生病,生病,shēngbìng,get sick,enfermarse,他生病了不能來上課,tā shēngbìngle bùnéng lái shàngkè,Él se ha enfermado y no puede venir a clase,2,HSK2
h2m0n1o2p3q4,生日,生日,shēngrì,birthday,cumpleaños,明天是我的生日,míngtiān shì wǒ de shēngrì,Mañana es mi cumpleaños,2,HSK2
h2n1o2p3q4r5,時間,时间,shíjiān,time,tiempo,我沒有時間去商店,wǒ méiyǒu shíjiān qù shāngdiàn,No tengo tiempo para ir a la tienda,2,HSK2
h2o2p3q4r5s6,事情,事情,shìqing,matter; thing,asunto; cosa,這件事情很麻煩,zhè jiàn shìqing hěn máfan,Este asunto es muy problemático,2,HSK2
h2p3q4r5s6t7,手錶,手表,shǒubiǎo,wristwatch,reloj de pulsera,我的手錶停了,wǒ de shǒubiǎo tíngle,Mi reloj se ha parado,2,HSK2
h2q4r5s6t7u8,手機,手机,shǒujī,mobile phone,teléfono móvil,他在玩手機,tā zài wán shǒujī,Él está jugando con el móvil,2,HSK2
h2r5s6t7u8v9,說話,说话,shuōhuà,talk,hablar,請不要在圖書館說話,qǐng bùyào zài túshūguǎn shuōhuà,Por favor no hablen en la biblioteca,2,HSK2
h2s6t7u8v9x0,送,送,sòng,to give; to gift,entregar; regalar,我想送你一個禮物,wǒ xiǎng sòng nǐ yīgè lǐwù,Quiero darte un regalo,2,HSK2
h2t7u8v9x0y1,雖然,虽然,suīrán,although,aunque,雖然很累但我很高興,suīrán hěn lèi dàn wǒ hěn gāoxìng,Aunque estoy cansado estoy muy feliz,2,HSK2
h2u8v9x0y1z2,但是,但是,dànshì,but,pero,他很有錢但是不快樂,tā hěn yǒuqián dànshì bù kuàilè,Él tiene mucho dinero pero no es feliz,2,HSK2
h2v9x0y1z2a3,所以,所以,suǒyǐ,Therefore; so,por lo tanto; así que,因為下雨了所以我不去了,yīnwèi xiàyǔle suǒyǐ wǒ bù qùle,Como está lloviendo no voy a ir,2,HSK2
h2w9x0y1z2a3,它,它,tā,it; that,ello; eso,我看見一隻狗它很可愛,wǒ kànjiàn yī zhī gǒu tā hěn kě'ài,He visto un perro es muy lindo,2,HSK2
h2x0y1z2a3b4,踢足球,踢足球,tī zúqiú,play soccer,jugar fútbol,我們一起去踢足球吧,wǒmen yìqǐ qù tī zúqiú ba,Vamos a jugar al fútbol juntos,2,HSK2
h2y1z2a3b4c5,題,题,tí,question; topic,pregunta; tema,這道題很難,zhè dào tí hěn nán,Esta pregunta es muy difícil,2,HSK2
h2z1a2b3c4d5,跳舞,跳舞,tiàowǔ,dance,bailar,她跳舞跳得非常美,tā tiàowǔ tiào de fēicháng měi,Ella baila de forma muy hermosa,2,HSK2
h2a2b3c4d5e6,外,外,wài,outside; exterior,afuera; exterior,外邊在下雨,wàibian zài xiàyǔ,Afuera está lloviendo,2,HSK2
h2b3c4d5e6f7,完,完,wán,finish,terminar,我的作業寫完了,wǒ de zuòyè xiě wánle,He terminado mis deberes,2,HSK2
h2c4d5e6f7g8,玩,玩,wán,play; have fun,jugar; divertirse,孩子們在公園玩,háizimen zài gōngyuán wán,Los niños están jugando en el parque,2,HSK2
h2d5e6f7g8h9,晚上,晚上,wǎnshang,evening,noche,我晚上十一點睡覺,wǒ wǎnshang shíyī diǎn shuìjiào,Me duermo a las once de la noche,2,HSK2
h2e6f7g8h9i0,為什麼,为什么,wèishéme,because,por qué,你為什麼不來上課,nǐ wèishéme bù lái shàngkè,Por qué no viniste a clase,2,HSK2
h2f7g8h9i0j1,問,问,wèn,ask,preguntar,我可以問一個問題嗎,wǒ kěyǐ wèn yīgè wèntí ma,Puedo hacer una pregunta,2,HSK2
h2g8h9i0j1k2,問題,问题,wèntí,question; problem,pregunta; problema,我有一個問題,wǒ yǒu yīgè wèntí,Tengo una pregunta,2,HSK2
h2h9i0j1k2l3,西瓜,西瓜,xīguā,watermelon,sandía,夏天吃西瓜很舒服,xiàtiān chī xīguā hěn shūfú,Comer sandía en verano es muy agradable,2,HSK2
h2i0j1k2l3m4,希望,希望,xīwàng,hope; to wish,esperanza; desear,我希望明天是晴天,wǒ xīwàng míngtiān shì qíngtiān,Deseo que mañana esté soleado,2,HSK2
h2j1k2l3m4o5,洗,洗,xǐ,wash,lavar,飯前要洗手,fàn qián yào xǐshǒu,Hay que lavarse las manos antes de comer,2,HSK2
h2k2l3m4o5p6,小時,小时,xiǎoshí,hour (duration),hora (duración),我每天看一個小時書,wǒ měitiān kàn yīgè xiǎoshí shū,Leo libros una hora al día,2,HSK2
h2l3m4o5p6q7,笑,笑,xiào,laugh; smile,reír; sonreír,他笑得很開心,tā xiào de hěn kāixīn,Él ríe muy feliz,2,HSK2
h2m4o5p6q7r8,新,新,xīn,new,nuevo,我買了一輛新車,wǒ mǎile yī liàng xīn chē,He comprado un coche nuevo,2,HSK2
h2n4o5p6q7r8,姓,姓,xìng,surname; to become surnamed,apellido; apellidarse,他姓王叫王明,tā xìng Wáng jiào Wáng Míng,Él se apellida Wang y se llama Wang Ming,2,HSK2
h2o5p6q7r8s9,休息,休息,xiūxí,rest,descansar,工作累了就休息一下,gōngzuò lèile jiù xiūxí yīxià,Si estás cansado del trabajo descansa un poco,2,HSK2
h2p6q7r8s9t0,雪,雪,xuě,snow,nieve,北京冬天的雪很美,Běijīng dōngtiān de xuě hěn měi,La nieve de Pekín en invierno es hermosa,2,HSK2
h2q7r8s9t0u1,顏色,颜色,yánsè,color,color,你喜歡什麼顏色,nǐ xǐhuān shénme yánsè,Qué color te gusta,2,HSK2
h2r8s9t0u1v2,眼睛,眼睛,yǎnjīng,eye,ojo,她的眼睛很漂亮,tā de yǎnjīng hěn piàoliang,Sus ojos son muy bonitos,2,HSK2
h2s9t0u1v2w3,羊肉,羊肉,yángròu,lamb,cordero,我不喜歡吃羊肉,wǒ bù xǐhuān chī yángròu,No me gusta comer carne de cordero,2,HSK2
h2t0u1v2w3x4,藥,药,yào,medicine,medicina,吃完藥早點睡覺吧,chī wán yào zǎodiǎn shuìjiào ba,Después de tomar la medicina duérmete temprano,2,HSK2
h2u1v2w3x4y5,要,要,yào,to want; to have,querer; deber,我要去超市買東西,wǒ yào qù chāoshì mǎi dōngxi,Quiero ir al supermercado a comprar cosas,2,HSK2
h2v2w3x4y5z6,也,也,yě,also,también,我也是學生,wǒ yěshì xuésheng,Yo también soy estudiante,2,HSK2
h2w3x4y5z6a7,一下,一下,yīxià,Just a moment; a little,un momento; un poco,請等我一下,qǐng děng wǒ yīxià,Por favor espérame un momento,2,HSK2
h2x4y5z6a7b8,一起,一起,yìqǐ,together,juntos,我們一起去吃飯吧,wǒmen yìqǐ qù chīfàn ba,Vamos a comer juntos,2,HSK2
h2y5z6a7b8c9,已經,已经,yǐjīng,already,ya,我已經吃過飯了,wǒ yǐjīng chīguò fàn le,Ya he comido,2,HSK2
h2z6a7b8c9d0,意思,意思,yìsi,meaning; interest,significado; interés,這個字是什麼意思,zhège zì shì shénme yìsi,Qué significa este carácter,2,HSK2
h2a7b8c9d0e1,因為,因为,yīnwèi,because,porque,因為天黑了所以我要回家,yīnwèi tiānhēile suǒyǐ wǒ yào huíjiā,Porque oscureció por eso me voy a casa,2,HSK2
h2b8c9d0e1f2,陰,阴,yīn,cloudy,nublado,今天的天氣很陰,jīntiān de tiānqì hěn yīn,El tiempo hoy está muy nublado,2,HSK2
h2c9d0e1f2g3,游泳,游泳,yóuyǒng,swim,nadar,他游泳游得很好,tā yóuyǒng yóu de hěn hǎo,Él nada muy bien,2,HSK2
h2d9e0f1g2h3,右邊,右边,yòubiān,right,derecha,商店在銀行的右邊,shāngdiàn zài yínháng de yòubiān,La tienda está a la derecha del banco,2,HSK2
h2e0f1g2h3i4,魚,鱼,yú,fish; fish,pez; pescado,多吃魚對身體好,duō chī yú duì shēntǐ hǎo,Comer mucho pescado es bueno para la salud,2,HSK2
h2f1g2h3i4j5,遠,远,yuǎn,far,lejos,火車站離我家不遠,huǒchēzhàn lí wǒ jiā bù yuǎn,La estación de tren no está lejos de mi casa,2,HSK2
h2g2h3i4j5k6,運動,运动,yùndòng,sport; exercise,deporte; hacer ejercicio,我喜歡做運動,wǒ xǐhuān zuò yùndòng,Me gusta hacer deporte,2,HSK2
h2h3i4j5k6l7,再,再,zài,again; once more,otra vez; de nuevo,明天我再給你打電話,míngtiān wǒ zài gěi nǐ dǎ diànhuà,Mañana te llamo otra vez,2,HSK2
h2i4j5k6l7m8,早上,早上,zǎoshang,tomorrow (early),mañana (temprano),我每天早上六點起床,wǒ měitiān zǎoshang liù diǎn qǐchuáng,Me levanto a las seis cada mañana,2,HSK2
h2j5k6l7m8n9,丈夫,丈夫,zhàngfu,husband,esposo,她的丈夫是老師,tā de zhàngfu shì lǎoshī,Su esposo es profesor,2,HSK2
h2k6l7m8n9o0,找,找,zhǎo,look for,buscar,他在找他的手機,tā zài zhǎo tā de shǒujī,Él está buscando su móvil,2,HSK2
h2l7m8n9o0p1,著,着,zhe,particle continuous state,partícula estado continuo,門開著呢,mén kāizhe ne,La puerta está abierta,2,HSK2
h2m8n9o0p1q2,真,真,zhēn,really; true,realmente; verdadero,這件衣服真漂亮,zhè jiàn yīfu zhēn piàoliang,Esta ropa es realmente bonita,2,HSK2
h2n9o0p1q2r3,正在,正在,zhèngzài,in the process of; right now,en proceso de; justo ahora,他在正在看電視,tā zài zhèngzài kàn diànshì,Él está justo ahora viendo la televisión,2,HSK2
h2o0p1q2r3s4,知道,知道,zhīdào,to know; to understand,saber; conocer,你知道他在哪裡嗎,nǐ zhīdào tā zài nǎlǐ ma,Sabes dónde está él,2,HSK2
h2p1q2r3s4t5,準備,准备,zhǔnbèi,prepare,preparar,我在準備明天的考試,wǒ zài zhǔnbèi míngtiān de kǎoshì,Estoy preparando el examen de mañana,2,HSK2
h2q2r3s4t5u6,自行車,自行车,zìxíngchē,bicycle,bicicleta,我騎自行車去上學,wǒ qí zìxíngchē qù shàngxué,Voy a la escuela en bicicleta,2,HSK2
h2r3s4t5u6v7,走,走,zǒu,walk; leave,caminar; irse,我們走著去超市吧,wǒmen zǒuzhe qù chāoshì ba,Vayamos caminando al supermercado,2,HSK2
h2s4t5u6v7w8,最,最,zuì,the most; super,el más; súper,這是我最喜歡的書,zhè shì wǒ zuì xǐhuān de shū,Este es mi libro favorito,2,HSK2
h2t5u6v7w8x9,左邊,左边,zuǒbiān,left,izquierda,圖書館在學校的左邊,túshūguǎn zài xuéxiào de zuǒbiān,La biblioteca está a la izquierda de la escuela,2,HSK2
h3a1b2c3d4e5,啊,啊,a,ah,ah,這朵花真漂亮啊,zhè duǒ huā zhēn piàoliang a,Esta flor es realmente hermosa,3,HSK3
h3b2c3d4e5f6,矮,矮,ǎi,low,bajo,弟弟比我矮一點兒,dìdi bǐ wǒ ǎi yīdiǎnr,Mi hermano menor es un poco más bajo que yo,3,HSK3
h3c3d4e5f6g7,愛好,爱好,àihào,pastime; hobby,pasatiempo; hobby,我的愛好是看電影,wǒ de àihào shì kàn diànyǐng,Mi pasatiempo es ver películas,3,HSK3
h3d4e5f6g7h8,安靜,安静,ānjìng,quiet; calm,quieto; tranquilo,圖書館裡很安靜,túshūguǎn lǐ hěn ānjìng,La biblioteca está muy tranquila,3,HSK3
h3e5f6g7h8i9,把,把,bǎ,direct object particle,partícula objeto directo,請把書放在桌子上,qǐng bǎ shū fàng zài zhuōzi shàng,Por favor pon el libro sobre la mesa,3,HSK3
h3f6g7h8i9j0,班,班,bān,class; shift,clase; turno,我們班有三十個學生,wǒmen bān yǒu sānshí gè xuésheng,En nuestra clase hay treinta alumnos,3,HSK3
h3g7h8i9j0k1,搬,搬,bān,move; relocate,mover; mudarse,我們下個月要搬家,wǒmen xià gè yuè yào bānjiā,Nos mudaremos el mes que viene,3,HSK3
h3h8i9j0k1l2,半,半,bàn,half; middle,mitad; medio,現在是三點半,xiànzài shì sān diǎn bàn,Ahora son las tres y media,3,HSK3
h3i9j0k1l2m3,辦法,办法,bànfǎ,form; method,forma; método,你有什麼好辦法嗎,nǐ yǒu shénme hǎo bànfǎ ma,¿Tienes alguna buena idea?,3,HSK3
h3j0k1l2m3n4,辦公室,办公室,bàngōngshì,office,oficina,王經理在辦公室裡,Wáng jīnglǐ zài bàngōngshì lǐ,El gerente Wang está en la oficina,3,HSK3
h3k1l2m3n4o5,幫忙,帮忙,bāngmáng,help; aid,ayudar; auxilio,謝謝你過來幫忙,xièxie nǐ guòlái bāngmáng,Gracias por venir a ayudar,3,HSK3
h3l2m3n4o5p6,包,包,bāo,bag; package,bolsa; paquete,我的包在椅子上,wǒ de bāo zài yǐzi shàng,Mi bolso está en la silla,3,HSK3
h3m3n4o5p6q7,飽,饱,bǎo,full; satisfied,lleno; satisfecho,我已經吃飽了,wǒ yǐjīng chībǎo le,Ya estoy satisfecho,3,HSK3
h3n4o5p6q7r8,北方,北方,běifāng,north,norte,北方冬天的天氣很冷,běifāng dōngtiān de tiānqì hěn lěng,El clima del norte en invierno es muy frío,3,HSK3
h3o5p6q7r8s9,被,被,bèi,passive particle,partícula pasiva,我的手機被他拿走了,wǒ de shǒujī bèi tā názǒu le,Él se llevó mi teléfono,3,HSK3
h3p6q7r8s9t0,鼻子,鼻子,bízi,nose,nariz,她的鼻子很高,tā de bízi hěn gāo,Su nariz es alta,3,HSK3
h3q7r8s9t0u1,比較,比较,bǐjiào,relatively; compare,relativamente; comparar,今天天氣比較熱,jīntiān tiānqì bǐjiào rè,Hoy hace bastante calor,3,HSK3
h3r8s9t0u1v2,比賽,比赛,bǐsài,match; competition,partido; competencia,明天的足球比賽很精彩,míngtiān de zúqiú bǐsài hěn jīngcǎi,El partido de fútbol de mañana será genial,3,HSK3
h3s9t0u1v2w3,筆記本,笔记本,bǐjìběn,notebook; laptop,cuaderno; portátil,我在筆記本上寫字,wǒ zài bǐjìběn shàng xiězì,Escribo en el cuaderno,3,HSK3
h3t0u1v2w3x4,必須,必须,bìxū,owe; have to,deber; tener que,你必須明天完成作業,nǐ bìxū míngtiān wánchéng zuòyè,Debes terminar los deberes mañana,3,HSK3
h3u1v2w3x4y5,變化,变化,biànhuà,change; to switch,cambio; cambiar,北京這些年的變化很大,Běijīng zhèxiē nián de biànhuà hěn dà,Pekín ha cambiado mucho estos años,3,HSK3
h3v2w3x4y5z6,別人,别人,biéren,others; other people,otros; otras personas,不要拿別人的東西,bùyào ná biéren de dōngxi,No tomes las cosas de los demás,3,HSK3
h3w3x4y5z6a7,冰箱,冰箱,bīngxiāng,fridge,refrigerador,冰箱裡有牛奶嗎,bīngxiāng lǐ yǒu niúnǎi ma,¿Hay leche en la nevera?,3,HSK3
h3x4y5z6a7b8,菜單,菜单,càidān,menu,menú,服務員請給我菜單,fúwùyuán qǐng gěi wǒ càidān,Camarero por favor deme el menú,3,HSK3
h3y5z6a7b8c9,參加,参加,cānjiā,participate,participar,你想參加這次活動嗎,nǐ xiǎng cānjiā zhè cì huódòng ma,¿Quieres participar en esta actividad?,3,HSK3
h3z6a7b8c9d0,草,草,cǎo,grass; pasture,hierba; pasto,小狗在草地上跑,xiǎogǒu zài cǎodì shàng pǎo,El perrito corre en la hierba,3,HSK3
h3a7b8c9d0e1,層,层,céng,floor; layer,piso; capa,我家住在三層,wǒ jiā zhù zài sān céng,Vivo en el tercer piso,3,HSK3
h3b8c9d0e1f2,差,差,chà,bad; poor; lacking,malo; pobre; faltar,現在差十分一點,xiànzài chà shí fēn yī diǎn,Faltan diez para la una,3,HSK3
h3c9d0e1f2g3,超市,超市,chāoshì,supermarket,supermercado,我去超市買水果,wǒ qù chāoshì mǎi shuǐguǒ,Voy al supermercado a comprar fruta,3,HSK3
h3d0e1f2g3h4,襯衫,衬衫,chènshān,shirt,camisa,這件白襯衫很漂亮,zhè jiàn bái chènshān hěn piàoliang,Esta camisa blanca es muy bonita,3,HSK3
h3e1f2g3h4i5,成績,成绩,chéngjì,Note; achievement,nota; logro,他的考試成績很好,tā de kǎoshì chéngjì hěn hǎo,Su nota del examen es muy buena,3,HSK3
h3f2g3h4i5j6,城市,城市,chéngshì,city,ciudad,上海是一個大城市,Shànghǎi shì yīgè dà chéngshì,Shanghái es una gran ciudad,3,HSK3
h3g3h4i5j6k7,遲到,迟到,chídào,arrive late,llegar tarde,對不起我遲到了,duìbuqǐ wǒ chídào le,Lo siento he llegado tarde,3,HSK3
h3h4i5j6k7l8,除了,除了,chúle,in addition to; except,además de; excepto,除了他大家都來了,chúle tā dàjiā dōu lái le,Han venido todos excepto él,3,HSK3
h3i5j6k7l8m9,船,船,chuán,boat; ship,bote; barco,我們坐船去那座島,wǒmen zuò chuán qù nà zuò dǎo,Vamos a esa isla en barco,3,HSK3
h3j6k7l8m9n0,春,春,chūn,spring,primavera,春天是花開的季節,chūntiān shì huā kāi de jìjié,La primavera es la estación en la que florecen las flores,3,HSK3
h3k7l8m9n0o1,詞典,词典,cídiǎn,dictionary,diccionario,我需要一本漢語詞典,wǒ xūyào yī běn Hànyǔ cídiǎn,Necesito un diccionario de chino,3,HSK3
h3l8m9n0o1p2,聰明,聪明,cōngming,smart; ready,inteligente; listo,這個孩子很聰明,zhège háizi hěn cōngming,Este niño es muy inteligente,3,HSK3
h3m9n0o1p2q3,打掃,打扫,dǎsǎo,clean; sweep,limpiar; barrer,請打掃一下房間,qǐng dǎsǎo yīxià fángjiān,Por favor limpia la habitación,3,HSK3
h3n0o1p2q3r4,打算,打算,dǎsuàn,plan; intention,planear; intención,我打算明天去旅遊,wǒ dǎsuàn míngtiān qù lǚyóu,Pienso ir de viaje mañana,3,HSK3
h3o1p2q3r4s5,帶,带,dài,carry; bring,llevar; traer,出門記得帶雨傘,chūmén jìde dài yǔsǎn,Recuerda traer un paraguas al salir,3,HSK3
h3p2q3r4s5t6,擔心,担心,dānxīn,worry,preocuparse,別擔心一切都會好的,bié dānxīn yīqiè dōu huì hǎo de,No te preocupes todo saldrá bien,3,HSK3
h3q3r4s5t6u7,蛋糕,蛋糕,dàngāo,cake; tart,pastel; tarta,祝你生日快樂這是你的蛋糕,zhù nǐ shēngrì kuàilè zhè shì nǐ de dàngāo,Feliz cumpleaños este es tu pastel,3,HSK3
h3r4s5t6u7v8,當然,当然,dāngrán,of course,por supuesto,我當然會參加你的婚禮,wǒ dāngrán huì cānjiā nǐ de hūnlǐ,Por supuesto que asistiré a tu boda,3,HSK3
h3s5t6u7v8w9,地,地,de,adverbial particle,partícula adverbial,他開心地笑了起來,tā kāixīn de xiào le qǐlái,Él comenzó a reír felizmente,3,HSK3
h3t6u7v8w9x0,燈,灯,dēng,lamp; light,lámpara; luz,房間裡的燈壞了,fángjiān lǐ de dēng huài le,La luz de la habitación se ha roto,3,HSK3
h3u7v8w9x0y1,地方,地方,dìfang,place; site,lugar; sitio,這是一個漂亮的地方,zhè shì yīgè piàoliang de dìfang,Este es un lugar hermoso,3,HSK3
h3v8w9x0y1z2,地鐵,地铁,dìtiě,metro,metro,我每天坐地鐵上班,wǒ měitiān zuò dìtiě shàngbān,Tomo el metro al trabajo todos los días,3,HSK3
h3w9x0y1z2a3,地圖,地图,dìtú,map,mapa,手機上有地圖很方便,shǒujī shàng yǒu dìtú hěn fāngbiàn,Tener un mapa en el móvil es muy conveniente,3,HSK3
h3x0y1z2a3b4,電梯,电梯,diàntī,elevator,ascensor,電梯在哪裡,diàntī zài nǎlǐ,Dónde está el ascensor,3,HSK3
h3y1z2a3b4c5,電子郵件,电子邮件,diànzǐ yóujiàn,email,correo electrónico,請給我發電子郵件,qǐng gěi wǒ fā diànzǐ yóujiàn,Por favor envíame un correo electrónico,3,HSK3
h3z2a3b4c5d6,東,东,dōng,east (cardinal point),este (punto cardinal),太陽從東方升起,tàiyáng cóng dōngfāng shēngqǐ,El sol sale por el este,3,HSK3
h3a3b4c5d6e7,冬,冬,dōng,winter,invierno,冬天的天氣很冷,dōngtiān de tiānqì hěn lěng,El clima de invierno es muy frío,3,HSK3
h3b4c5d6e7f8,動物,动物,dòngwù,animal,animal,這家動物園有很多猴子,zhè jiā dòngwùyuán yǒu hěn duō hóuzi,Este zoológico tiene muchos monos,3,HSK3
h3c5d6e7f8g9,短,短,duǎn,short,corto,這條褲子太短了,zhè tiáo kùzi tài duǎn le,Estos pantalones son demasiado cortos,3,HSK3
h3d6e7f8g9h0,段,段,duàn,paragraph; section,párrafo; sección,這段路非常難走,zhè duàn lù fēicháng nán zǒu,Este tramo de camino es muy difícil de caminar,3,HSK3
h3e7f8g9h0i1,鍛煉,锻炼,duànliàn,do exercise,hacer ejercicio,我每天下午都去鍛煉,wǒ měitiān xiàwǔ dōu qù duànliàn,Voy a entrenar todas las tardes,3,HSK3
h3f8g9h0i1j2,多麼,多么,duōme,how much; how,cuán; qué tan,這裡的風景多麼美啊,zhèlǐ de fēngjǐng duōme měi a,Qué hermoso es el paisaje aquí,3,HSK3
h3g9h0i1j2k3,餓,饿,è,hunger; hungry,hambre; hambriento,我餓了想吃點東西,wǒ è le xiǎng chī diǎnr dōngxi,Tengo hambre quiero comer algo,3,HSK3
h3h0i1j2k3l4,耳朵,耳朵,ěrduo,ear,oreja,兔子的耳朵很長,tùzi de ěrduo hěn cháng,Las orejas del conejo son muy largas,3,HSK3
h3i1j2k3l4m5,發,发,fā,send; issue,enviar; emitir,我已經把文件發給你了,wǒ yǐjīng bǎ wénjiàn fā gěi nǐ le,Ya te he enviado el archivo,3,HSK3
h3j2k3l4m5n6,發燒,发烧,fāshāo,fever; to have a fever,fiebre; tener fiebre,他生病發燒了,tā shēngbìng fāshāo le,Él está enfermo y tiene fiebre,3,HSK3
h3k3l4m5n6o7,發現,发现,fāxiàn,discover,descubrir,我發現桌子上有個手機,wǒ fāxiàn zhuōzi shàng yǒu gè shǒujī,Descubrí que hay un móvil sobre la mesa,3,HSK3
h3l4m5n6o7p8,方便,方便,fāngbiàn,convenience; easy,conveniencia; fácil,坐地鐵去那裡很方便,zuò dìtiě qù nàlǐ hěn fāngbiàn,Ir allí en metro es muy conveniente,3,HSK3
h3m5n6o7p8q9,放,放,fàng,put; place,poner; colocar,請把杯子放在桌子上,qǐng bǎ bēizi fàng zài zhuōzi shàng,Por favor pon la taza sobre la mesa,3,HSK3
h3n6o7p8q9r0,放心,放心,fàngxīn,be calm,estar tranquilo,請放心我會照顧好他的,qǐng fàngxīn wǒ huì zhàogù hǎo tā de,Por favor estate tranquilo yo lo cuidaré bien,3,HSK3
h3o7p8q9r0s1,分,分,fēn,minute; divide,minuto; dividir,現在是三點十分,xiànzài shì sān diǎn shí fēn,Ahora son las tres y diez,3,HSK3
h3p8q9r0s1t2,附近,附近,fùjìn,near; nearby,cerca; cercanías,我家附近有一個公園,wǒ jiā fùjìn yǒu yīgè gōngyuán,Hay un parque cerca de mi casa,3,HSK3
h3q9r0s1t2u3,複習,复习,fùxí,review,repasar,明天考試今天得複習,míngtiān kǎoshì jīntiān děi fùxí,Mañana es el examen hoy tengo que repasar,3,HSK3
h3r0s1t2u3v4,乾淨,干净,gānjìng,clean,limpio,你的房間真乾淨,nǐ de fángjiān zhēn gānjìng,Tu habitación está realmente limpia,3,HSK3
h3s1t2u3v4w5,敢,敢,gǎn,dare,atreverse,我不敢一個人在家睡覺,wǒ bù gǎn yīgè rén zài jiā shuìjiào,No me atrevo a dormir solo en casa,3,HSK3
h3t2u3v4w5x6,感冒,感冒,gǎnmào,cold; to catch a cold,resfriado; resfriarse,他感冒了不能來上班,tā gǎnmàole bùnéng lái shàngbān,Él se ha resfriado y no puede venir a trabajar,3,HSK3
h3u3v4w5x6y7,剛才,刚才,gāngcái,a moment ago,hace un momento,剛才是誰在說話,gāngcái shì shéi zài shuōhuà,Quién estaba hablando hace un momento,3,HSK3
h3v4w5x6y7z8,跟,跟,gēn,get,con; seguir,我想跟你一起去商店,wǒ xiǎng gēn nǐ yìqǐ qù shāngdiàn,Quiero ir a la tienda contigo,3,HSK3
h3w5x6y7z8a9,根據,根据,gēnjù,according to; in accordance with,según; de acuerdo a,根據天氣預報明天會下雪,gēnjù tiānqì yùbào míngtiān huì xiàxuě,Según el pronóstico del tiempo mañana nevará,3,HSK3
h3x6y7z8a9b0,更,更,gèng,further,más,今天比昨天更冷,jīntiān bǐ zuótiān gèng lěng,Hoy hace aún más frío que ayer,3,HSK3
h3y7z8a9b0c1,公斤,公斤,gōngjīn,kilogram,kilogramo,我要買五公斤蘋果,wǒ yào mǎi wǔ gōngjīn píngguǒ,Quiero comprar cinco kilos de manzanas,3,HSK3
h3z7a9b0c1d2,公園,公园,gōngyuán,park,parque,我們去公園散步吧,wǒmen qù gōngyuán sànbù ba,Vamos a dar un paseo al parque,3,HSK3
h3a8b9c0d1e2,故事,故事,gùshì,story; tale,historia; cuento,奶奶每天給我講故事,nǎinai měitiān gěi wǒ jiǎng gùshì,Mi abuela me cuenta cuentos todos los días,3,HSK3
h3b9c0d1e2f3,刮風,刮风,guāfēng,make wind,hacer viento,外面正在刮風,wàimiàn zhèngzài guāfēng,Afuera está haciendo viento ahora mismo,3,HSK3
h3c0d1e2f3g4,關於,关于,guānyú,about; regarding,sobre; acerca de,這本關於中國歷史的書很好,zhè běn guānyú Zhōngguó lìshǐ de shū hěn hǎo,Este libro sobre historia china es muy bueno,3,HSK3
h3d1e2f3g4h5,關係,关系,guānxi,relationship,relación,他們兩個人的關係很好,tāmen liǎng gè rén de guānxi hěn hǎo,La relación entre ellos dos es muy buena,3,HSK3
h3e2f3g4h5i6,關心,关心,guānxīn,worry about; take care of,preocuparse por; cuidar,爸爸很關心我的身體,bàba hěn guānxīn wǒ de shēntǐ,Papá se preocupa mucho por mi salud,3,HSK3
h3f3g4h5i6j7,關於,关于,guānyú,about; regarding,sobre; acerca de,這是一本關於中國的書,zhè shì yī běn guānyú Zhōngguó de shū,Este es un libro sobre China,3,HSK3
h3g4h5i6j7k8,國家,国家,guójiā,country; nation,país; nación,你想去哪個國家旅遊,nǐ xiǎng qù nǎge guójiā lǚyóu,¿A qué país quieres ir de viaje?,3,HSK3
h3h5i6j7k8l9,果汁,果汁,guǒzhī,juice; juice,jugo; zumo,請給我一杯橙汁,qǐng gěi wǒ yī bēi chéngzhī,Por favor dame un vaso de zumo de naranja,3,HSK3
h3i6j7k8l9m0,過去,过去,guòqù,past,pasado,過去的事就讓它過去吧,guòqù de shì jiù ràng tā guòqù ba,Deja que el pasado sea pasado,3,HSK3
h3j7k8l9m0n1,害怕,害怕,hàipà,be afraid,tener miedo,我不害怕一個人睡覺,wǒ bù hàipà yīgè rén zài jiā shuìjiào,No tengo miedo de dormir solo,3,HSK3
h3k8l9m0n1o2,河,河,hé,river,río,我家門前有一條小河,wǒ jiā mén qián yǒu yī tiáo xiǎohé,Hay un pequeño río frente a mi casa,3,HSK3
h3l9m0n1o2p3,黑板,黑板,hēibǎn,chalkboard,pizarrón,請看黑板上的字,qǐng kàn hēibǎn shàng de zì,Por favor mira las letras en la pizarra,3,HSK3
h3m0n1o2p3q4,護照,护照,hùzhào,passport,pasaporte,出國旅遊要帶護照,chūguó lǚyóu yào dài hùzhào,Hay que llevar el pasaporte para viajar al extranjero,3,HSK3
h3n1o2p3q4r5,花,花,huā,flower,flor,花園裡的紅花真漂亮,huāyuán lǐ de hónghuā zhēn piàoliang,Las flores rojas del jardín son realmente hermosas,3,HSK3
h3o2p3q4r5s6,花,花,huā,spend,gastar,他花了很多錢買衣服,tā huāle hěn duō qián mǎi yīfu,Él gastó mucho dinero comprando ropa,3,HSK3
h3p3q4r5s6t7,花園,花园,huāyuán,garden,jardín,我們在花園裡種花,wǒmen zài huāyuán lǐ zhònghuā,Plantamos flores en el jardín,3,HSK3
h3q4r5s6t7u8,畫,画,huà,drawing; painting,dibujo; pintar,她畫畫畫得很漂亮,tā huàhuà huà de hěn piàoliang,Ella dibuja de forma muy hermosa,3,HSK3
h3r5s6t7u8v9,壞,坏,huài,bad; broken,malo; roto,我的電腦壞了,wǒ de diànnǎo huài le,Mi computadora se ha roto,3,HSK3
h3s6t7u8v9x0,還,还,huán,return,devolver,別忘了明天把書還給我,bié wàngle míngtiān bǎ shū huán gěi wǒ,No olvides devolverme el libro mañana,3,HSK3
h3t7u8v9x0y1,環境,环境,huánjìng,environment; surroundings,ambiente; entorno,這裡的環境很安靜,zhèlǐ de huánjìng hěn ānjìng,El entorno aquí es muy tranquilo,3,HSK3
h3u8v9x0y1z2,換,换,huàn,exchange; trade,cambiar; canjear,我想去銀行換錢,wǒ xiǎng qù yínháng huànqián,Quiero ir al banco a cambiar dinero,3,HSK3
h3v9x0y1z2a3,黃,黄,huáng,yellow,amarillo,這朵黃色的花很香,zhè duǒ huángsè de huā hěn xiāng,Esta flor amarilla huele muy bien,3,HSK3
h3w9x0y1z2a3,會議,会议,huìyì,meeting; conference,reunión; conferencia,下午兩點有個重要會議,xiàwǔ liǎng diǎn yǒu gè zhòngyào huìyì,Hay una reunión importante a las dos de la tarde,3,HSK3
h3x0y1z2a3b4,或者,或者,huòzhě,or (in affirmation),o (en afirmación),你可以喝茶或者喝咖啡,nǐ kěyǐ hē chá huòzhě hē kāfēi,Puedes beber té o café,3,HSK3
h3y1z2a3b4c5,幾乎,几乎,jīhū,almost,casi,這件事我幾乎忘了,zhè jiàn shì wǒ jīhū wàngle,Casi me olvido de este asunto,3,HSK3
h3z2a3b4c5d6,機會,机会,jīhuì,chance,oportunidad,這是一個很好的機會,zhè shì yīgè hěn hǎo de jīhuì,Esta es una gran oportunidad,3,HSK3
h3a3b4c5d6e7,極,极,jí,extremely; pole,extremadamente; polo,今天的天氣熱極了,jīntiān de tiānqì rè jíle,El clima de hoy es extremadamente caluroso,3,HSK3
h3b4c5d6e7f8,記得,记得,jìde,remember,recordar,我不記得他的名字了,wǒ bù jìde tā de míngzi le,No recuerdo su nombre,3,HSK3
h3c5d6e7f8g9,季節,季节,jìjié,season; season,estación; temporada,你最喜歡哪個季節,nǐ zuì xǐhuān nǎge jìjié,¿Cuál es tu estación favorita?,3,HSK3
h3d6e7f8g9h0,檢查,检查,jiǎnchá,review; examine,revisar; examinar,寫完作業要檢查一下,xiě wán zuòyè yào jiǎnchá yīxià,Hay que revisar los deberes después de escribirlos,3,HSK3
h3e7f8g9h0i1,簡單,简单,jiǎndān,easy; simple,fácil; simple,這道題很簡單,zhè dào tí hěn jiǎndān,Esta pregunta es muy simple,3,HSK3
h3f8g9h0i1j2,健康,健康,jiànkāng,health; healthy,salud; saludable,多吃水果身體健康,duō chī shuǐguǒ shēntǐ jiànkāng,Comer mucha fruta es saludable para el cuerpo,3,HSK3
h3g9h0i1j2k3,見面,见面,jiànmiàn,to see each other; to meet,verse; encontrarse,我們明天在學校見面吧,wǒmen míngtiān zài xuéxiào jiànmiàn ba,Encontrémonos mañana en la escuela,3,HSK3
h3h0i1j2k3l4,講,讲,jiǎng,speak; explain,hablar; explicar,老師在給我們講課,lǎoshī zài gěi wǒmen jiǎngkè,El profesor nos está dando la lección,3,HSK3
h3i1j2k3l4m5,教,教,jiāo,teach,enseñar,他在大學教漢語,tā zài dàxué jiāo Hànyǔ,Él enseña chino en la universidad,3,HSK3
h3j2k3l4m5n6,腳,脚,jiǎo,foot,pie,我的腳受傷了,wǒ de jiǎo shòushāng le,Mi pie está herido,3,HSK3
h3k3l4m5n6o7,角,角,jiǎo,corner; angle; jiao,esquina; ángulo; jiao,一塊錢等於十角,yīkuài qián děngyú shí jiǎo,Un yuan equivale a diez jiao,3,HSK3
h3l4m5n6o7p8,接,接,jiē,pick up; receive,recoger; recibir,我去機場接我的朋友,wǒ qù jīchǎng jiē wǒ de péngyǒu,Voy al aeropuerto a recoger a mi amigo,3,HSK3
h3m5n6o7p8q9,街道,街道,jiēdào,street; avenue,calle; avenida,這條街道很寬,zhè tiáo jiēdào hěn kuān,Esta calle es muy ancha,3,HSK3
h3n6o7p8q9r0,節目,节目,jiémù,program,programa,電視節目很好看,diànshì jiémù hěn hǎokàn,El programa de televisión es muy bueno,3,HSK3
h3o7p8q9r0s1,節日,节日,jiérì,holiday; festival,día festivo; festival,今天是春節這是一個大節日,jīntiān shì chūnjié zhè shì yīgè dà jiérì,Hoy es el festival de primavera; este es un gran festival,3,HSK3
h3p8q9r0s1t2,結婚,结婚,jiéhūn,marry,casarse,他們下個月要結婚了,tāmen xià gè yuè yào jiéhūn le,Ellos se casarán el mes que viene,3,HSK3
h3q9r0s1t2u3,結束,结束,jiéshù,to finish; to end,terminar; finalizar,會議下午三點結束,huìyì xiàwǔ sān diǎn jiéshù,La reunión termina a las tres de la tarde,3,HSK3
h3r0s1t2u3v4,解決,解决,jiějué,solve,resolver,我們得想辦法解決這個問題,wǒmen děi xiǎng bànfǎ jiějué zhège wèn tí,Tenemos que encontrar una manera de resolver este problema,3,HSK3
h3s1t2u3v4w5,借,借,jiè,lend; borrow,prestar; pedir prestado,你能借我一支筆嗎,nǐ néng jiè wǒ yī zhī bǐ ma,¿Me puedes prestar un bolígrafo?,3,HSK3
h3t2u3v4w5x6,經常,经常,jīngcháng,frequently; often,frecuentemente; a menudo,他經常去圖書館看書,tā jīngcháng qù túshūguǎn kànshū,Él va a menudo a la biblioteca a leer,3,HSK3
h3u3v4w5x6y7,經過,经过,jīngguò,pass through; through,pasar por; a través de,我每天上學都經過這家店,wǒ měitiān shàngxué dōu jīngguò zhè jiā diàn,Paso por esta tienda todos los días para ir a la escuela,3,HSK3
h3v4w5x6y7z8,經理,经理,jīnglǐ,manager; manager,gerente; mánager,他是這家公司的經理,tā shì zhè jiā gōngsī de jīnglǐ,Él es el gerente de esta empresa,3,HSK3
h3w5x6y7z8a9,久,久,jiǔ,a long time,mucho tiempo,這本書我看了很久才看完,zhè běn shū wǒ kànle hěnjiǔ cái kàn wán,Tardé mucho tiempo en terminar de leer este libro,3,HSK3
h3x6y7z8a9b0,舊,旧,jiù,old; used,viejo; usado,這件衣服已經很舊了,zhè jiàn yīfu yǐjīng hěn jiù le,Esta ropa ya está muy vieja,3,HSK3
h3y7z8a9b0c1,句子,句子,jùzi,phrase; sentence,frase; oración,請用這個詞造一個句子,qǐng yòng zhège cí zào yīgè jùzi,Por favor haz una oración con esta palabra,3,HSK3
h3z7a9b0c1d2,決定,决定,juédìng,decide; decision,decidir; decisión,我決定明年去中國旅遊,wǒ juédìng míngnián qù Zhōngguó lǚyóu,He decidido viajar a China el año que viene,3,HSK3
h3a8b9c0d1e2,可愛,可爱,kě'ài,cute; sweet,lindo; tierno,這隻小貓真可愛,zhè zhī xiǎo māo zhēn kě'ài,Este gatito es realmente lindo,3,HSK3
h3b9c0d1e2f3,渴,渴,kě,thirst; thirsty,sed; sediento,我渴了想喝點水,wǒ kě le xiǎng hē diǎnr shuǐ,Tengo sed quiero beber un poco de agua,3,HSK3
h3c0d1e2f3g4,刻,刻,kè,quarter of an hour,cuarto de hora,現在是三點一刻,xiànzài shì sān diǎn yī kè,Ahora son las tres y cuarto,3,HSK3
h3d1e2f3g4h5,客人,客人,kèrén,guest; customer,invitado; cliente,家裡今天來了很多客人,jiālǐ jīntiān láile hěnduō kèrén,Hoy han venido muchos invitados a casa,3,HSK3
h3e2f3g4h5i6,空調,空调,kōngtiáo,air-conditioning,aire acondicionado,請把空調打開吧,qǐng bǎ kōngtiáo dǎkāi ba,Por favor enciende el aire acondicionado,3,HSK3
h3f3g4h5i6j7,口,口,kǒu,mouth; classifier,boca; clasificador,我家有五口人,wǒ jiā yǒu wǔ kǒu rén,En mi familia hay cinco personas,3,HSK3
h3g4h5i6j7k8,哭,哭,kū,cry,llorar,那個孩子在哭,nàge háizi zài kū,Ese niño está llorando,3,HSK3
h3h5i6j7k8l9,褲子,裤子,kùzi,pants,pantalones,這條褲子太長了,zhè tiáo kùzi tài cháng le,Estos pantalones son demasiado largos,3,HSK3
h3i6j7k8l9m0,筷子,筷子,kuàizi,chopsticks,palillos,中國人習慣用筷子吃飯,Zhōngguórén xíguàn yòng kuàizi chīfàn,Los chinos acostumbran a comer con palillos,3,HSK3
h3j7k8l9m0n1,藍,蓝,lán,blue,azul,他穿著一件藍色的襯衫,tā chuānzhe yī jiàn lánsè de chènshān,Él lleva puesta una camisa azul,3,HSK3
h3k8l9m0n1o2,老,老,lǎo,old; elderly,viejo; anciano,那位老人很有精神,nà wèi lǎorén hěn yǒu jīngshén,Ese anciano tiene mucha energía,3,HSK3
h3l9m0n1o2p3,離開,离开,líkāi,leave; depart,dejar; partir,他明天就要離開北京了,tā míngtiān jiù yào líkāi Běijīng le,Él partirá de Pekín mañana mismo,3,HSK3
h3m0n1o2p3q4,禮物,礼物,lǐwù,gift,regalo,這是送給你的生日禮物,zhè shì sòng gěi nǐ de shēngrì lǐwù,Este es un regalo de cumpleaños para ti,3,HSK3
h3n1o2p3q4r5,歷史,历史,lìshǐ,history,historia,我對中國歷史很感興趣,wǒ duì Zhōngguó lìshǐ hěn gǎn xìngqù,Estoy muy interesado en la historia de China,3,HSK3
h3o2p3q4r5s6,臉,脸,liǎn,face,cara,洗臉以後舒服多了,xǐliǎn yǐhòu shūfu duō le,Me siento mucho mejor después de lavarme la cara,3,HSK3
h3p3q4r5s6t7,練習,练习,liànxí,practice; exercise,practicar; ejercicio,你得每天練習說漢語,nǐ děi měitiān liànxí shuō Hànyǔ,Tienes que practicar hablar chino todos los días,3,HSK3
h3q4r5s6t7u8,輛,辆,liàng,vehicle classifier,clasificador vehículos,我家有一輛新車,wǒ jiā yǒu yī liàng xīn chē,Mi familia tiene un coche nuevo,3,HSK3
h3r5s6t7u8v9,聊天,聊天,liáotiān,to chat; to talk,charlar; platicar,我們在咖啡店聊天,wǒmen zài kāfēidiàn liáotiān,Estamos charlando en la cafetería,3,HSK3
h3s6t7u8v9x0,了解,了解,liǎojiě,understand; know well,entender; conocer bien,我很了解他的愛好,wǒ hěn liǎojiě tā de àihào,Conozco muy bien sus aficiones,3,HSK3
h3t7u8v9x0y1,鄰居,邻居,línjū,neighbor,vecino,我的鄰居人很好,wǒ de línjū rén hěn hǎo,Mi vecino es muy buena persona,3,HSK3
h3u8v9x0y1z2,留學,留学,liúxué,study abroad,estudiar en el extranjero,他打算去美國留學,tā dǎsuàn qù Měiguó liúxué,Él piensa ir a estudiar a Estados Unidos,3,HSK3
h3v9x0y1z2a3,樓,楼,lóu,building; floor,edificio; piso,我住在五樓,wǒ zhù zài wǔ lóu,Vivo en el quinto piso,3,HSK3
h3w9x0y1z2a3,綠,绿,lǜ,green,verde,樹葉在春天變綠了,shùyè zài chūntiān biàn lǜ le,Las hojas de los árboles se vuelven verdes en primavera,3,HSK3
h3x0y1z2a3b4,馬,马,mǎ,horse,caballo,他在農場騎馬,tā zài nóngchǎng qímǎ,Él monta a caballo en la granja,3,HSK3
h3y1z2a3b4c5,馬上,马上,mǎshàng,immediately,inmediatamente,我馬上就到家了,wǒ mǎshàng jiù dào jiā le,Llegaré a casa enseguida,3,HSK3
h3z2a3b4c5d6,滿意,满意,mǎnyì,satisfied,satisfecho,他對這份工作很滿意,tā duì zhè fèn gōngzuò hěn mǎnyì,Él está muy satisfecho con este trabajo,3,HSK3
h3a3b4c5d6e7,帽子,帽子,màozi,hat; cap,sombrero; gorra,這頂帽子很適合你,zhè dǐng màozi hěn shìhé nǐ,Esta gorra te queda muy bien,3,HSK3
h3b4c5d6e7f8,米,米,mǐ,meter; rice,metro; arroz,他身高一米八,tā shēngāo yī mǐ bā,Él mide un metro ochenta,3,HSK3
h3c5d6e7f8g9,麵包,面包,miànbāo,bread,pan,我早餐吃麵包喝牛奶,wǒ zǎocān chī miànbāo hē niúnǎi,Desayuno pan y bebo leche,3,HSK3
h3d6e7f8g9h0,麵條,面条,miàntiáo,noodles,fideos,我最喜歡吃牛肉麵條,wǒ zuì xǐhuān chī niúròu miàntiáo,Lo que más me gusta comer son fideos con ternera,3,HSK3
h3e7f8g9h0i1,明白,明白,míngbai,understand; clear,entender; claro,我現在明白你的意思了,wǒ xiànzài míngbai nǐ de yìsi le,Ahora entiendo lo que quieres decir,3,HSK3
h3f8g9h0i1j2,拿,拿,ná,take; grab,tomar; agarrar,請把那本書拿給我,qǐng bǎ nà běn shū ná gěi wǒ,Por favor pásame aquel libro,3,HSK3
h3g9h0i1j2k3,奶奶,奶奶,nǎinai,paternal grandmother,abuela paterna,我奶奶今年八十歲了,wǒ nǎinai jīnnián bāshí suì le,Mi abuela tiene ochenta años este año,3,HSK3
h3h0i1j2k3l4,南,南,nán,south,sur,我家在學校的南方,wǒ jiā zài xuéxiào de nánfāng,Mi casa está al sur de la escuela,3,HSK3
h3i1j2k3l4m5,難,难,nán,difficult,difícil,這道題對我來說很難,zhè dào tí duì wǒ lái shuō hěn nán,Esta pregunta es muy difícil para mí,3,HSK3
h3j2k3l4m5n6,難過,难过,nánguò,sad; feeling bad,triste; sentirse mal,聽了這個消息我很難過,tīngle zhège xiāoxi wǒ hěn nánguò,Me puse muy triste al oír esta noticia,3,HSK3
h3k3l4m5n6o7,年級,年级,niánjí,grade; school year,grado; año escolar,我妹妹現在讀三年級,wǒ mèimei xiànzài dú sān niánjí,Mi hermana menor está ahora en tercer grado,3,HSK3
h3l4m5n6o7p8,年輕,年轻,niánqīng,young,joven,王老師看起來很年輕,Wáng lǎoshī kàn qǐlái hěn niánqīng,El profesor Wang se ve muy joven,3,HSK3
h3m5n6o7p8q9,鳥,鸟,niǎo,bird,pájaro,樹上有幾隻小鳥,shù shàng yǒu jǐ zhī xiǎo niǎo,Hay unos pajaritos en el árbol,3,HSK3
h3n6o7p8q9r0,努力,努力,nǔlì,hardworking; laborer,esforzado; trabajador,只要努力就能學好漢語,zhǐyào nǔlì jiù néng xuéhǎo Hànyǔ,Si te esfuerzas podrás aprender bien chino,3,HSK3
h3o7p8q9r0s1,爬山,爬山,páshān,climb; go hiking,escalar; hacer senderismo,我們週末去爬山吧,wǒmen zhōumò qù páshān ba,Vayamos a la montaña el fin de semana,3,HSK3
h3p8q9r0s1t2,盤子,盘子,pánzi,plate; tray,plato; bandeja,盤子裡有一些水果,pánzi lǐ yǒu yīxiē shuǐguǒ,Hay algo de fruta en el plato,3,HSK3
h3q9r0s1t2u3,胖,胖,pàng,fat,gordo,這隻小貓長胖了,zhè zhī xiǎo māo zhǎng pàng le,Este gatito ha engordado,3,HSK3
h3r0s1t2u3v4,啤酒,啤酒,píjiǔ,beer,cerveza,爸爸喜歡喝冰啤酒,bàba xǐhuān hē bīng píjiǔ,A papá le gusta beber cerveza fría,3,HSK3
h3s1t2u3v4w5,葡萄,葡萄,pútáo,grape,uva,這些紫色葡萄很甜,zhèxiē zǐsè pútáo hěn tián,Estas uvas moradas son muy dulces,3,HSK3
h3t2u3v4w5x6,普通話,普通话,pǔtōnghuà,Standard Mandarin,mandarín estándar,她的普通話說得很標準,tā de pǔtōnghuà shuō de hěn biāozhǔn,Su mandarín es muy estándar,3,HSK3
h3u3v4w5x6y7,其實,其实,qíshí,Actually; in fact,en realidad; de hecho,其實我不喜歡喝咖啡,qíshí wǒ bù xǐhuān hē kāfēi,De hecho no me gusta beber café,3,HSK3
h3v4w5x6y7z8,其他,其他,qítā,others; the rest,otros; el resto,除了這件還有其他顏色嗎,chúle zhè jiàn hái yǒu qítā yánsè ma,¿Aparte de esta hay otros colores?,3,HSK3
h3w5x6y7z8a9,騎,骑,qí,ride (bike/horse),montar (bici/caballo),他每天騎自行車上班,tā měitiān qí zìxíngchē shàngbān,Él va al trabajo en bicicleta todos los días,3,HSK3
h3x6y7z8a9b0,奇怪,奇怪,qíguài,strange; odd,extraño; raro,這件事情真奇怪,zhè jiàn shìqing zhēn qíguài,Este asunto es realmente extraño,3,HSK3
h3y7z8a9b0c1,起床,起床,qǐchuáng,get up,levantarse,我每天早上六點起床,wǒ měitiān zǎoshang liù diǎn qǐchuáng,Me levanto a las seis cada mañana,3,HSK3
h3z7a9b0c1d2,公斤,公斤,gōngjīn,kilogram,kilogramo,這袋蘋果有三公斤重,zhè dài píngguǒ yǒu sān gōngjīn zhòng,Esta bolsa de manzanas pesa tres kilos,3,HSK3
h3a8b9c0d1e2,水平,水平,shuǐpíng,level; standard,nivel; estándar,他的漢語水平提高了很多,tā de Hànyǔ shuǐpíng tígāole hěnduō,Su nivel de chino ha mejorado mucho,3,HSK3
h3b9c0d1e2f3,漂亮,漂亮,piàoliang,pretty; handsome,bonito; guapo,這件裙子真漂亮,zhè jiàn qúnzi zhēn piàoliang,Esta falda es realmente bonita,3,HSK3
h3c0d1e2f3g4,清楚,清楚,qīngchu,clear; sharp,claro; nítido,我聽不清楚你說什麼,wǒ tīng bù qīngchu nǐ shuō shénme,No oigo claramente lo que dices,3,HSK3
h3d1e2f3g4h5,秋,秋,qiū,autumn,otoño,秋天的天氣最舒服,qiūtiān de tiānqì zuì shūfu,El clima de otoño es el más cómodo,3,HSK3
h3e2f3g4h5i6,裙子,裙子,qúnzi,skirt; dress,falda; vestido,她今天穿了一件紅裙子,tā jīntiān chuānle yī jiàn hóng qúnzi,Ella hoy se puso una falda roja,3,HSK3
h3f3g4h5i6j7,然後,然后,ránhòu,then; afterwards,luego; después,我們先吃飯然後去電影院,wǒmen xiān chīfàn ránhòu qù diànyǐngyuàn,Primero comeremos y luego iremos al cine,3,HSK3
h3g4h5i6j7k8,熱情,热情,rèqíng,enthusiastic; warm,entusiasta; cálido,這裡的人們非常熱情,zhèlǐ de rénmen fēicháng rèqíng,La gente aquí es muy entusiasta,3,HSK3
h3h5i6j7k8l9,認為,认为,rènwéi,think; consider,pensar; considerar,我認為這個辦法很好,wǒ rènwéi zhège bànfǎ hěn hǎo,Opino que este método es muy bueno,3,HSK3
h3i6j7k8l9m0,認真,认真,rènzhēn,serious; conscientious,serio; concienzudo,他學習漢語非常認真,tā xuéxí Hànyǔ fēicháng rènzhēn,Él estudia chino muy seriamente,3,HSK3
h3j7k8l9m0n1,容易,容易,róngyì,easy,fácil,學寫漢字並不容易,xué xiě Hànzì bìng bù róngyì,Aprender a escribir caracteres no es fácil,3,HSK3
h3k8l9m0n1o2,如果,如果,rúguǒ,if (conditional),si (condicional),如果明天下雨我就不去了,rúguǒ míngtiān xiàyǔ wǒ jiù bù qùle,Si mañana llueve no iré,3,HSK3
h3l9m0n1o2p3,傘,伞,sǎn,umbrella,paraguas,外面下雨了記得帶傘,wàimiàn xiàyǔle jìde dài sǎn,Afuera llueve recuerda traer el paraguas,3,HSK3
h3m0n1o2p3q4,上網,上网,shàngwǎng,browsing the internet,navegar por internet,他每天晚上都上網看新聞,tā měitiān wǎnshang dōu shàngwǎng kàn xīnwén,Él navega por internet cada noche para ver noticias,3,HSK3
h3n1o2p3q4r5,聲音,声音,shēngyīn,voice; sound,voz; sonido,請大聲一點兒我聽不見,qǐng dàshēng yīdiǎnr wǒ tīng bùjiàn,Por favor un poco más alto que no oigo,3,HSK3
h3o2p3q4r5s6,世界,世界,shìjiè,world,mundo,我想去看看外面的世界,wǒ xiǎng qù kànkan wàimiàn de shìjiè,Quiero ir a ver el mundo exterior,3,HSK3
h3p3q4r5s6t7,試,试,shì,try; attempt,probar; intentar,這件衣服我可以試試嗎,zhè jiàn yīfu wǒ kěyǐ shìshi ma,¿Puedo probarme esta ropa?,3,HSK3
h3q4r5s6t7u8,瘦,瘦,shòu,thin; skinny,delgado; flaco,他最近瘦了很多,tā zuìjìn shòule hěnduō,Él ha adelgazado mucho últimamente,3,HSK3
h3r5s6t7u8v9,叔叔,叔叔,shūshu,uncle; sir,tío; señor,王叔叔對人很客氣,Wáng shūshu duì rén hěn kèqi,El tío Wang es muy amable con la gente,3,HSK3
h3s5t6u7v8w9,舒服,舒服,shūfu,comfortable,cómodo,坐在沙發上很舒服,zuò zài shāfā shàng hěn shūfu,Sentarse en el sofá es muy cómodo,3,HSK3
h3t6u7v8w9x0,樹,树,shù,tree,árbol,公園裡有很多大樹,gōngyuán lǐ yǒu hěnduō dàshù,Hay muchos árboles grandes en el parque,3,HSK3
h3u7v8w9x0y1,數學,数学,shùxué,math,matemáticas,我不喜歡上數學課,wǒ bù xǐhuān shàng shùxué kè,No me gusta ir a clase de matemáticas,3,HSK3
h3v8w9x0y1z2,刷牙,刷牙,shuāyá,brush your teeth,lavarse los dientes,睡覺前要記得刷牙,shuìjiào qián yào jìde shuāyá,Recuerda cepillarte los dientes antes de dormir,3,HSK3
h3w9x0y1z2a3,雙,双,shuāng,pair (classifier),par (clasificador),我想買一雙新鞋子,wǒ xiǎng mǎi yī shuāng xīn xiézi,Quiero comprar un par de zapatos nuevos,3,HSK3
h3x0y1z2a3b4,水平,水平,shuǐpíng,level,nivel,你的漢語水平提高得很快,nǐ de Hànyǔ shuǐpíng tígāo de hěn kuài,Tu nivel de chino está mejorando rápido,3,HSK3
h3y1z2a3b4c5,司機,司机,sījī,driver,conductor,那位司機師傅人很好,nà wèi sījī shīfu rén hěn hǎo,Ese señor conductor es muy amable,3,HSK3
h3z2a3b4c5d6,太陽,太阳,tàiyáng,sun,sol,今天的太陽很大,jīntiān de tàiyáng hěn dà,Hoy el sol está muy fuerte,3,HSK3
h3a3b4c5d6e7,特別,特别,tèbié,special; especially,especial; especialmente,這道菜特別好吃,zhè dào cài tèbié hǎochī,Este plato está especialmente rico,3,HSK3
h3b4c5d6e7f8,疼,疼,téng,pain; to hurt,dolor; doler,我的牙疼得厲害,wǒ de yá téng de lìhai,Me duele muchísimo el diente,3,HSK3
h3c5d6e7f8g9,提高,提高,tígāo,improve; raise,mejorar; elevar,多練習能提高聽力,duō liànxí néng tígāo tīnglì,Practicar mucho puede mejorar el oído,3,HSK3
h3d6e7f8g9h0,體育,体育,tǐyù,sports; physical education,deportes; educación física,他很喜歡體育運動,tā hěn xǐhuān tǐyù yùndòng,A él le gustan mucho los deportes,3,HSK3
h3e7f8g9h0i1,甜,甜,tián,sweet,dulce,這個西瓜非常甜,zhège xīguā fēicháng tián,Esta sandía es muy dulce,3,HSK3
h3f8g9h0i1j2,條,条,tiáo,classifier (long objects),clasificador (objetos largos),這條褲子很適合你,zhè tiáo kùzi hěn shìhé nǐ,Estos pantalones te quedan muy bien,3,HSK3
h3g9h0i1j2k3,同事,同事,tóngshì,colleague; coworker,colega; compañero de trabajo,我的同事們都很友好,wǒ de tóngshìmen dōu hěn yǒuhǎo,Mis colegas son todos muy amigables,3,HSK3
h3h0i1j2k3l4,同意,同意,tóngyì,agree,estar de acuerdo,我完全同意你的看法,wǒ wánquán tóngyì nǐ de kànfǎ,Estoy totalmente de acuerdo con tu punto de vista,3,HSK3
h3i1j2k3l4m5,頭髮,头发,tóufa,hair; hair,cabello; pelo,她的頭髮很長,tā de tóufa hěn cháng,Su cabello es muy largo,3,HSK3
h3j2k3l4m5n6,突然,突然,tūrán,suddenly; suddenly,repente; de repente,天突然下起雨來了,tiān tūrán xià qǐ yǔ lái le,De repente empezó a llover,3,HSK3
h3k3l4m5n6o7,圖書館,图书馆,túshūguǎn,library,biblioteca,圖書館裡不能大聲說話,túshūguǎn lǐ bùnéng dàshēng shuōhuà,No se puede hablar alto en la biblioteca,3,HSK3
h3l4m5n6o7p8,腿,腿,tuǐ,leg,pierna,他的腿受傷了,tā de tuǐ shòushāng le,Se ha lesionado la pierna,3,HSK3
h3m5n6o7p8q9,忘記,忘记,wàngjì,forget,olvidar,我忘記帶鑰匙了,wǒ wàngjì dài yàoshi le,Olvidé traer las llaves,3,HSK3
h3n6o7p8q9r0,萬,万,wàn,ten thousand,diez mil,這台電腦要一萬塊,zhè tái diànnǎo yào yīwàn kuài,Esta computadora cuesta diez mil yuanes,3,HSK3
h3o7p8q9r0s1,習慣,习惯,xíguàn,habit; get used to,hábito; acostumbrarse,我已經習慣這裡的生活了,wǒ yǐjīng xíguàn zhèlǐ de shēnghuó le,Ya me he acostumbrado a la vida aquí,3,HSK3
h3p8q9r0s1t2,洗手間,洗手间,xǐshǒujiān,bathroom; toilet,baño; aseo,請問洗手間在哪裡,qǐngwèn xǐshǒujiān zài nǎlǐ,Perdone dónde está el baño,3,HSK3
h3q9r0s1t2u3,洗澡,洗澡,xǐzǎo,bathe; shower,bañarse; ducharse,我每天早上洗澡,wǒ měitiān zǎoshang xǐzǎo,Me ducho todas las mañanas,3,HSK3
h3r0s1t2u3v4,夏,夏,xià,summer,verano,北京的夏天非常熱,Běijīng de xiàtiān fēicháng rè,El verano en Pekín es muy caluroso,3,HSK3
h3s1t2u3v4w5,先,先,xiān,first; before,primero; antes,我們得先去超市買東西,wǒmen děi xiān qù chāoshì mǎi dōngxi,Primero tenemos que ir al supermercado a comprar cosas,3,HSK3
h3t2u3v4w5x6,相信,相信,xiāngxìn,believe; trust,creer; confiar,我相信你一定能做到,wǒ xiāngxìn nǐ yīdìng néng zuò dào,Creo que sin duda podrás hacerlo,3,HSK3
h3u3v4w5x6y7,香蕉,香蕉,xiāngjiāo,plantain; banana,plátano; banano,我最喜歡吃的水果是香蕉,wǒ zuì xǐhuān chī de shuǐguǒ shì xiāngjiāo,Mi fruta favorita es el plátano,3,HSK3
h3v4w5x6y7z8,向,向,xiàng,towards; to,hacia; a,向左轉就是超市,xiàng zuǒ zhuǎn jiùshì chāoshì,Gira a la izquierda y ahí está el supermercado,3,HSK3
h3w5x6y7z8a9,像,像,xiàng,to resemble; like,parecerse; como,他長得很像他爸爸,tā zhǎng de hěn xiàng tā bàba,Él se parece mucho a su papá,3,HSK3
h3x6y7z8a9b0,小心,小心,xiǎoxīn,be careful,tener cuidado,路上車多請小心,lùshàng chē duō qǐng xiǎoxīn,Hay muchos coches en la carretera ten cuidado,3,HSK3
h3y7z8a9b0c1,校長,校长,xiàozhǎng,headmaster,director de escuela,校長正在開會,xiàozhǎng zhèngzài kāihuì,El director está en una reunión,3,HSK3
h3z7a9b0c1d2,新聞,新闻,xīnwén,news,noticias,我每天晚上看新聞,wǒ měitiān wǎnshang kàn xīnwén,Veo las noticias todas las noches,3,HSK3
h3a8b9c0d1e2,新鮮,新鲜,xīnxiān,cool,fresco,這些水果非常新鮮,zhèxiē shuǐguǒ fēicháng xīnxiān,Estas frutas están muy frescas,3,HSK3
h3b9c0d1e2f3,信用卡,信用卡,xìnyòngkǎ,credit card,tarjeta de crédito,我可以用信用卡付錢嗎,wǒ kěyǐ yòng xìnyòngkǎ fùqián ma,Puedo pagar con tarjeta de crédito,3,HSK3
h3c0d1e2f3g4,行李箱,行李箱,xínglǐxiāng,suitcase,maleta,我的行李箱太重了,wǒ de xínglǐxiāng tài zhòng le,Mi maleta pesa demasiado,3,HSK3
h3d1e2f3g4h5,熊貓,熊猫,xióngmāo,panda,panda,熊貓是中國的國寶,xióngmāo shì Zhōngguó de guóbǎo,El panda es el tesoro nacional de China,3,HSK3
h3e2f3g4h5i6,需要,需要,xūyào,need,necesitar,我需要你的幫助,wǒ xūyào nǐ de bāngzhù,Necesito tu ayuda,3,HSK3
h3f3g4h5i6j7,選擇,选择,xuǎnzé,choose; choice,elegir; elección,你得自己做選擇,nǐ děi zìjǐ zuò xuǎnzé,Tienes que hacer la elección tú mismo,3,HSK3
h3g4h5i6j7k8,眼鏡,眼镜,yǎnjìng,glasses,gafas,我的眼鏡不見了,wǒ de yǎnjìng bùjiàn le,Mis gafas han desaparecido,3,HSK3
h3h5i6j7k8l9,爺爺,爷爷,yéye,paternal grandfather,abuelo paterno,爺爺每天去公園散步,yéye měitiān qù gōngyuán sànbù,Mi abuelo va al parque a pasear todos los días,3,HSK3
h3i6j7k8l9m0,一般,一般,yībān,general; common,general; común,我一般早上七點起床,wǒ yībān zǎoshang qī diǎn qǐchuáng,Generalmente me levanto a las siete,3,HSK3
h3j7k8l9m0n1,一邊,一边,yībiān,at the same time,al mismo tiempo,他喜歡一邊吃飯一邊看電視,tā xǐhuān yībiān chīfàn yībiān kàn diànshì,A él le gusta comer mientras ve la tele,3,HSK3
h3k8l9m0n1o2,一定,一定,yīdìng,True; undoubtedly,cierto; sin duda,明天我一定準時到,míngtiān wǒ yīdìng zhǔnshí dào,Mañana llegaré puntual sin duda,3,HSK3
h3l9m0n1o2p3,一共,一共,yīgòng,in total,en total,這些東西一共五十塊,zhèxiē dōngxi yīgòng wǔshí kuài,Estas cosas cuestan cincuenta yuanes en total,3,HSK3
h3m0n1o2p3q4,一會兒,一会儿,yīhuìr,one moment,un momento,請等我一會兒,qǐng děng wǒ yīhuìr,Por favor espérame un rato,3,HSK3
h3n1o2p3q4r5,一樣,一样,yīyàng,same; same,igual; mismo,他的愛好跟我的一樣,tā de àihào gēn wǒ de yīyàng,Su afición es igual a la mía,3,HSK3
h3o2p3q4r5s6,一直,一直,yīzhí,always; straight,siempre; recto,向前一直走就到了,xiàng qián yīzhí zǒu jiù dào le,Sigue recto y llegarás,3,HSK3
h3p3q4r5s6t7,以前,以前,yǐqián,before,antes,以前我不認識他,yǐqián wǒ bù rènshi tā,Antes no le conocía,3,HSK3
h3q4r5s6t7u8,以為,以为,yǐwéi,thinking incorrectly,pensar erróneamente,我以為今天會下雨,wǒ yǐwéi jīntiān huì xiàyǔ,Creía que hoy llovería,3,HSK3
h3r5s6t7u8v9,意見,意见,yìjiàn,opinion; complaint,opinión; queja,你有什麼意見嗎,nǐ yǒu shénme yìjiàn ma,¿Tienes alguna opinión?,3,HSK3
h3s6t7u8v9x0,意思,意思,yìsi,meaning; interest,significado; interés,這個詞是什麼意思,zhège cí shì shénme yìsi,Qué significa esta palabra,3,HSK3
h3t7u8v9x0y1,銀行,银行,yínháng,bank,banco,我去銀行換錢,wǒ qù yínháng huànqián,Voy al banco a cambiar dinero,3,HSK3
h3u8v9x0y1z2,飲料,饮料,yǐnliào,drink,bebida,你想喝什麼飲料,nǐ xiǎng hē shénme yǐnliào,¿Qué bebida quieres tomar?,3,HSK3
h3v9x0y1z2a3,應該,应该,yīnggāi,ought,debería,你應該早點睡覺,nǐ yīnggāi zǎodiǎn shuìjiào,Deberías dormir más temprano,3,HSK3
h3w9x0y1z2a3,影響,影响,yǐngxiǎng,influence; affect,influencia; afectar,環境會影響一個人的健康,huánjìng huì yǐngxiǎng yīgè rén de jiànkāng,El entorno influye en la salud de una persona,3,HSK3
h3x0y1z2a3b4,用,用,yòng,wear,usar,我可以用你的筆嗎,wǒ kěyǐ yòng nǐ de bǐ ma,¿Puedo usar tu bolígrafo?,3,HSK3
h3y1z2a3b4c5,遊戲,游戏,yóuxì,game,juego,他在電腦上玩遊戲,tā zài diànnǎo shàng wán yóuxì,Él está jugando a juegos en el ordenador,3,HSK3
h3z2a3b4c5d6,有名,有名,yǒumíng,famous,famoso,長城在世界上面很有名,Chángchéng zài shìjiè shàngmiàn hěn yǒumíng,La Gran Muralla es muy famosa en el mundo,3,HSK3
h3a3b4c5d6e7,又,又,yòu,again (past),otra vez (pasado),今天又下雨了,jīntiān yòu xiàyǔ le,Hoy ha vuelto a llover,3,HSK3
h3b4c5d6e7f8,遇到,遇到,yùdào,meet,encontrarse con,我在路上遇到了一個老朋友,wǒ zài lùshàng yùdào le yīgè lǎo péngyǒu,Me encontré con un viejo amigo en el camino,3,HSK3
h3c5d6e7f8g9,願意,愿意,yuànyì,to want; to be willing,querer; estar dispuesto,你願意跟我去旅遊嗎,nǐ yuànyì gēn wǒ qù lǚyóu ma,¿Estás dispuesto a ir de viaje conmigo?,3,HSK3
h3d6e7f8g9h0,月亮,月亮,yuèliang,moon,luna,今晚的月亮很圓,jīn wǎn de yuèliang hěn yuán,La luna de esta noche está muy redonda,3,HSK3
h3e7f8g9h0i1,越...越...,越...越...,yuè...yuè...,The more... the more...,cuanto más... más...,他的漢語說得越來越好,tā de Hànyǔ shuō de yuè lái yuè hǎo,Él habla chino cada vez mejor,3,HSK3
h3f8g9h0i1j2,雲,云,yún,cloud,nube,天上有幾朵白雲,tiānshàng yǒu jǐ duǒ báiyún,Hay unas nubes blancas en el cielo,3,HSK3
h3g9h0i1j2k3,站,站,zhàn,station; to stop,estación; pararse,火車站在哪裡,huǒchēzhàn zài nǎlǐ,Dónde está la estación de tren,3,HSK3
h3h0i1j2k3l4,長,长,zhǎng,grow,crecer,這個孩子長得很快,zhège háizi zhǎng de hěn kuài,Este niño crece muy rápido,3,HSK3
h3i1j2k3l4m5,着急,着急,zháojí,worry; anxious,preocuparse; ansioso,別著急時間還早,bié zháojí shíjiān hái zǎo,No te preocupes que aún es pronto,3,HSK3
h3j2k3l4m5n6,照顧,照顾,zhàogù,care,cuidar,請照顧好你的身體,qǐng zhàogù hǎo nǐ de shēntǐ,Por favor cuida bien de tu salud,3,HSK3
h3k3l4m5n6o7,照片,照片,zhàopiàn,photo,foto,這張照片真好看,zhè zhāng zhàopiàn zhēn hǎokàn,Esta foto es realmente bonita,3,HSK3
h3l4m5n6o7p8,照相機,照相机,zhàoxiàngjī,camera,cámara de fotos,我的照相機壞了,wǒ de zhàoxiàngjī huài le,Mi cámara de fotos se ha roto,3,HSK3
h3m5n6o7p8q9,只,只,zhǐ,only; solely,solo; solamente,我只有十塊錢,wǒ zhǐyǒu shí kuài qián,Solo tengo diez yuanes,3,HSK3
h3n6o7p8q9r0,中間,中间,zhōngjiān,mid; center,medio; centro,他在這兩本書中間,tā zài zhè liǎng běn shū zhōngjiān,Él está en medio de estos dos libros,3,HSK3
h3o7p8q9r0s1,中文,中文,zhōngwén,Chinese language,idioma chino,他在學習中文,tā zài xuéxí Zhōngwén,Él está estudiando chino,3,HSK3
h3p8q9r0s1t2,終於,终于,zhōngyú,finally; at last,finalmente; por fin,比賽終於結束了,bǐsài zhōngyú jiéshù le,El partido por fin ha terminado,3,HSK3
h3q9r0s1t2u3,種,种,zhǒng,type; class,tipo; clase,我不喜歡這種顏色,wǒ bù xǐhuān zhè zhǒng yánsè,No me gusta este tipo de color,3,HSK3
h3r0s1t2u3v4,重要,重要,zhòngyào,important,importante,這是一個很重要的問題,zhè shì yīgè hěn zhòngyào de wèntí,Este es un problema muy importante,3,HSK3
h3s1t2u3v4w5,週末,周末,zhōumò,weekend,fin de semana,你週末想去哪裡玩,nǐ zhōumò xiǎng qù nǎlǐ wán,Dónde quieres ir el fin de semana,3,HSK3
h3t2u3v4w5x6,主要,主要,zhǔyào,major,principal,這是我們的主要任務,zhè shì wǒmen de zhǔyào rènwu,Esta es nuestra tarea principal,3,HSK3
h3u3v4w5x6y7,注意,注意,zhùyì,pay attention,prestar atención,請注意聽我說話,qǐng zhùyì tīng wǒ shuōhuà,Por favor presta atención a lo que digo,3,HSK3
h3v4w5x6y7z8,字典,字典,zìdiǎn,dictionary,diccionario,我買了一本新字典,wǒ mǎile yī běn xīn zìdiǎn,He comprado un diccionario nuevo,3,HSK3
h3w5x6y7z8a9,自己,自己,zìjǐ,oneself,uno mismo,我喜歡自己一個人旅遊,wǒ xǐhuān zìjǐ yīgè rén lǚyóu,Me gusta viajar solo yo mismo,3,HSK3
h3x6y7z8a9b0,總是,总是,zǒngshì,always,siempre,他總是遲到,tā zǒngshì chídào,Él siempre llega tarde,3,HSK3
h3y7z8a9b0c1,最近,最近,zuìjìn,lately,últimamente,最近你身體怎麼樣,zuìjìn nǐ shēntǐ zěnmeyàng,Cómo has estado de salud últimamente,3,HSK3
h3z7a9b0c1d2,作業,作业,zuòyè,task; homework,tarea; deberes,老師佈置了很多作業,lǎoshī bùzhì le hěnduō zuòyè,El profesor puso muchos deberes,3,HSK3
h3a8b9c0d1e2,作用,作用,zuòyòng,function; effect,función; efecto,這種藥起作用了,zhè zhǒng yào qǐ zuòyòng le,Esta medicina ha hecho efecto,3,HSK3
3a72dcafc645,阿姨,阿姨,āyí,aunt,tía,我的阿姨是一位老師。,wǒ de āyí shì yī wèi lǎoshī.,Mi tía es profesora.,4,HSK4
5d00a293b498,矮小,矮小,ǎi xiǎo,short and small; low and small; undersized,bajo y pequeño,這個男孩長得比較矮小。,zhè ge nánhái zhǎng de bǐjiào ǎixiǎo.,Este chico es bastante bajo.,4,HSK4
855dd7881ae0,愛國,爱国,ài guó,love one's country; be patriotic,patriótico,他是一個非常愛國的人。,tā shì yī gè fēicháng àiguó de rén.,Él es una persona muy patriótica.,4,HSK4
ce8a1430c488,愛護,爱护,àihù,Care,cuidar,我們要愛護環境。,wǒmen yào àihù huánjìng.,Debemos cuidar el medio ambiente.,4,HSK4
40f2e63f3579,安,安,ān,quiet; safe; secure; install; fix; fit,seguro / instalar,他坐在那裡很安。,tā zuò zài nàlǐ hěn ān.,Él está sentado allí muy tranquilo.,4,HSK4
caf97996bc2c,安置,安置,ānzhì,put; arrange for,instalar / acomodar,政府正在安置災民。,zhèngfǔ zhèngzài ānzhì zāimín.,El gobierno está alojando a los damnificados.,4,HSK4
4324c151a248,按時,按时,ànshí,on time,a tiempo,請按時完成作業。,qǐng ànshí wánchéng zuòyè.,"Por favor, termina los deberes a tiempo.",4,HSK4
80fd85f00062,暗,暗,àn,dark,oscuro,房間裡太暗了。,fángjiān lǐ tài àn le.,La habitación está demasiado oscura.,4,HSK4
f7bbdcd46040,暗示,暗示,ànshì,suggest secretly,sugerir,他暗示我應該離開了。,tā ànshì wǒ yīnggāi líkāi le.,Él me sugirió que debería irme.,4,HSK4
b298600da81e,巴士,巴士,bā shì,bus,autobús,我每天都坐巴士上班。,wǒ měitiān zuò bāshì shàngbān.,Tomo el autobús para ir a trabajar todos los días.,4,HSK4
6d924b6e4fc8,百貨,百货,bǎi huò,department store; general merchandise,mercancía general,這家百貨公司很大。,zhè jiā bǎihuò shāngdiàn hěn dà.,Este almacén es muy grande.,4,HSK4
405aec2b87ee,擺,摆,bǎi,pendulum,colocar,桌子上擺著一盆花。,zhuōzi shàng bǎi zhe yī pén huā.,Hay un jarrón de flores colocado sobre la mesa.,4,HSK4
7f98b769b5f3,擺動,摆动,bǎi dòng,swing; sway; oscillate;vibrate,oscilar,鐘擺在不停地擺動。,zhōngbǎi zài bùtíng de bǎidòng.,El péndulo oscila sin parar.,4,HSK4
4ac55a1db329,擺脫,摆脱,bǎituō,cast off,librarse de,他終於擺脫麻煩了。,tā zhōngyú bǎituō le máfan.,Él finalmente se libró del problema.,4,HSK4
6da7f9d21efd,敗,败,bài,defeat; beat; fail; lose,derrotar / fallar,他在比賽中敗了。,tā zài bǐsài zhòng bài le.,Él perdió en la competencia.,4,HSK4
ec30a84fd743,辦事,办事,bàn shì,handle affairs; work,hacer trámites / trabajar,他去銀行辦事了。,tā qù yínháng bànshì le.,Él fue al banco a hacer unos trámites.,4,HSK4
96601139fe21,包裹,包裹,bāoguǒ,package,paquete,我收到了一個包裹。,wǒ shōudào le yī gè bāoguǒ.,He recibido un paquete.,4,HSK4
4aa67584b8c8,包含,包含,bāohán,Contain,contener,這句話包含了深刻的意義。,zhè jù huà bāohán le shēnkè de yìyì.,Esta frase contiene un significado profundo.,4,HSK4
db67d062c470,包括,包括,bāokuò,Include,incluir,這個價格包含午餐嗎？,zhè ge jiàgé bāokuò wǔcān ma?,¿Este precio incluye el almuerzo?,4,HSK4
9cf42c53e93d,薄,薄,báo,thin,delgado,這本紙很薄。,zhè běn zhǐ hěn báo.,Este papel es muy delgado.,4,HSK4
bfbdd95da42e,寶,宝,bǎo,treasure; precious; treasured,tesoro / joya,這是一個傳家之寶。,zhè shì yī gè chuánjiā zhī bǎo.,Este es un tesoro familiar.,4,HSK4
cb840130ff6d,寶寶,宝宝,bǎo bao,baby; darling,bebé,寶寶睡著了。,bǎobao shuìzháo le.,El bebé se ha dormido.,4,HSK4
726106bb498a,寶貝,宝贝,bǎobèi,baby,tesoro / bebé,她是父母的寶貝。,tā shì fùmǔ de bǎobèi.,Ella es el tesoro de sus padres.,4,HSK4
3378aec72ca8,寶貴,宝贵,bǎoguì,valuable,valioso,時間是非常寶貴的。,shíjiān shì fēicháng bǎoguì de.,El tiempo es muy valioso.,4,HSK4
7a412309cecd,寶石,宝石,bǎo shí gemstone;,gem; cameo; precious stone,piedra preciosa,這顆寶石很名貴。,zhè kē bǎoshí hěn míngguì.,Esta piedra preciosa es muy valiosa.,4,HSK4
b912c4b89dd8,保密,保密,bǎomì,secrecy,guardar secreto,請替我保密。,qǐng tì wǒ bǎomì.,"Por favor, guárdame el secreto.",4,HSK4
c961bf1c38e3,保守,保守,bǎoshǒu,Conservative,conservador,他的思想很保守。,tā de sīxiǎng hěn bǎoshǒu.,Su pensamiento es muy conservador.,4,HSK4
49b30ffbc836,抱,抱,bào,"Hold, hug",abrazar,媽媽抱起了孩子。,māma bào qǐ le háizi.,La madre abrazó al niño.,4,HSK4
a6d15100582f,背景,背景,bèijǐng,background,fondo / contexto,他的家庭背景很複雜。,tā de jiātíng bèijǐng hěn fùzá.,Su entorno familiar es muy complejo.,4,HSK4
81eeefa249ab,倍,倍,bèi,times,veces (multiplicador),現在的價格是原來的兩倍。,xiànzài de jiàgé shì yuánlái de liǎng bèi.,El precio actual es el doble del original.,4,HSK4
811b7b5b67f3,被迫,被迫,bèi pò,be compelled; be forced; be constrained,verse obligado,他被迫離開了家鄉。,tā bèipò líkāi le jiāxiāng.,Se vio obligado a abandonar su pueblo natal.,4,HSK4
4ffb7b239ae6,本科,本科,běnkē,Undergraduate,licenciatura / grado,他正在讀本科。,tā zhèngzài dú běnkē.,Él está cursando una licenciatura.,4,HSK4
101a97635951,笨,笨,bèn,stupid,tonto / estúpido,我不笨，只是不努力。,"wǒ bù bèn, zhǐshì bù nǔlì.","No soy tonto, solo que no me esfuerzo.",4,HSK4
94d1a4869dbc,比分,比分,bǐ fēn,score,puntuación (marcador),現在的比數是二比一。,xiànzài de bǐfēn shì èr bǐ yī.,El marcador actual es dos a uno.,4,HSK4
0aa4be886c9b,畢業,毕业,bìyè,graduation,graduarse,他明年就要畢業了。,tā míngnián jiùyào bìyè le.,Él se graduará el próximo año.,4,HSK4
878a8d99c69d,畢業生,毕业生,bì yè shēng,graduate,graduado,很多畢業生都在找工作。,hěn duō bìyèshēng dōu zài zhǎo gōngzuò.,Muchos graduados están buscando trabajo.,4,HSK4
2d8e8960f7a0,避,避,bì avoid;,evade; dodge; keep away; repel,evitar,我們要避開高峰期。,wǒmen yào bìkāi gāofēngqī.,Debemos evitar la hora punta.,4,HSK4
7b9d93686bb6,避免,避免,bìmiǎn,avoid,evitar,我們要避免發生錯誤。,wǒmen yào bìmiǎn fāshēng cuòwù.,Debemos evitar que ocurran errores.,4,HSK4
3a6d02a53bca,編,编,biān invent;,make up; plait; edit; compile; compose; write,tejer / redactar,她在編一個故事。,tā zài biān yī gè gùshi.,Ella está inventando una historia.,4,HSK4
74cce73c9550,辯論,辩论,biànlùn,Debate,debate,他們正在進行辯論。,tāmen zhèngzài jìnxíng biànlùn.,Están teniendo un debate.,4,HSK4
d460adc37d1c,標誌,标志,biāozhì,sign,símbolo / signo,紅燈是停止的標誌。,hóngdēng shì tíngzhǐ de biāozhì.,La luz roja es el símbolo de pare.,4,HSK4
32070a56cf15,表情,表情,biǎoqíng,Expression,expresión facial,他的表情很嚴肅。,tā de biǎoqíng hěn yánsù.,Su expresión es muy seria.,4,HSK4
96e509d5faff,表揚,表扬,biǎoyáng,Praise,elogiar,老師表揚了他。,lǎoshī biǎoyáng le tā.,El profesor lo elogió.,4,HSK4
d76a6aee257d,別（動）,别（动）,bié,do not; leave; separate; pin,no (imperativo) / otro,別說話。,bié shuōhuà.,No hables.,4,HSK4
0b0e7a977428,冰,冰,bīng,ice,hielo,我要一杯加冰的可樂。,wǒ yào yī bēi jiā bīng de kělè.,Quiero una coca-cola con hielo.,4,HSK4
71424807f56a,冰雪,冰雪,bīng xuě,ice and snow,hielo y nieve,這裡是一個冰雪世界。,zhèlǐ shì yī gè bīngxuě shìjiè.,Este es un mundo de hielo y nieve.,4,HSK4
6821d33b4ea8,兵,兵,bīng arms;,soldier; force; weapon; military,soldado,他當過兵。,tā dāng guò bīng.,Él ha sido soldado.,4,HSK4
675aff54ebfc,並（動）,并（动）,bìng,combine; merge; incorporate,unir / combinar,兩家公司合併了。,liǎng jiā gōngsī hébìng le.,Las dos empresas se han fusionado.,4,HSK4
d5cff6ba93e6,不要緊,不要紧,búyàojǐn,Never mind,no importa / no es grave,沒關係，不要緊。,"méi guānxi, zhè bùyàojǐn.","No te preocupes, no es grave.",4,HSK4
cc01687e392e,不在乎,不在乎,bú zài hū,not mind; not care,no importar,我不在乎別人的看法。,wǒ bùzàihu biérén de kànfǎ.,No me importa la opinión de los demás.,4,HSK4
c2360fa8d51f,不管,不管,bùguǎn,no matter,no importa / a pesar de,不管下雨還是晴天，他都去跑步。,"bùguǎn xiàyǔ háishì qíngtiān, tā dōu qù pǎobù.","No importa si llueve o hace sol, él sale a correr.",4,HSK4
592058cd7966,不然,不然,bùrán,otherwise,de lo contrario,快點，不然我們要遲到了。,"kuàidiǎn, bùrán wǒmen yào chídào le.","Date prisa, de lo contrario llegaremos tarde.",4,HSK4
eccb55e5f179,佈置,布置,bùzhì,Arrangement,organizar / decorar / asignar,老師佈置了作業。,lǎoshī bùzhì le zuòyè.,El profesor asignó los deberes.,4,HSK4
1a7666d163b4,步行,步行,bù xíng,go on foot; walk,caminar / a pie,這裡是步行街。,zhèlǐ shì bùxíngjiē.,Esta es una calle peatonal.,4,HSK4
9570e1f45f39,擦,擦,cā,wipe,frotar / limpiar,請擦一下桌子。,qǐng cā yīxià zhuōzi.,"Por favor, limpia la mesa.",4,HSK4
13db839e42bf,才（名）,才（名）,cái,ability; talent; gift; endowment,talento,他是個人才。,tā shì gè réncái.,Él es un talento.,4,HSK4
eff65269c6a4,材料,材料,cáiliào,Materials,material,這些材料是用來蓋房子的。,zhèxiē cáiliào shì yònglái gài fángzi de.,Estos materiales son para construir la casa.,4,HSK4
00c9e0a6e19f,財產,财产,cáichǎn,property,propiedad / bienes,這是他的私人財產。,zhè shì tā de sīrén cáichǎn.,Esta es su propiedad privada.,4,HSK4
0d7853e2a18c,財富,财富,cáifù,wealth,riqueza,健康是最大的財富。,jiànkāng shì zuì dà de cáifù.,La salud es la mayor riqueza.,4,HSK4
66212f21ed8e,採訪,采访,cǎifǎng,interview,entrevistar,記者正在採訪市長。,jìzhě zhèngzài cǎifǎng shìzhǎng.,El periodista está entrevistando al alcalde.,4,HSK4
4e82bf7f6ffc,參考,参考,cānkǎo,Reference resources,consultar / referencia,請參考這本書。,qǐng cānkǎo zhè běn shū.,"Por favor, consulta este libro.",4,HSK4
ae6af58d556f,參與,参与,cānyù,participate in,participar,大家都參與了討論。,dàjiā dōu cānyù le tǎolùn.,Todos participaron en la discusión.,4,HSK4
92cb5d3d00c1,操場,操场,cāochǎng,Playground,campo deportivo / patio,學生們在操場上跑步。,xuéshēng men zài cāochǎng shàng pǎobù.,Los estudiantes corren en el patio.,4,HSK4
00af6686ffff,操作,操作,cāozuò,operation,operar / manejar,這台機器很容易操作。,zhè tái jīqì hěn róngyì cāozuò.,Esta máquina es muy fácil de manejar.,4,HSK4
56997dcf5e7f,測,测,cè survey;,fathom; measure; conjecture; infer,medir,我要測一下體溫。,wǒ yào cè yīxià tǐwēn.,Voy a medir mi temperatura corporal.,4,HSK4
f357b5386b7d,測量,测量,cèliáng,measure,medir (dimensiones),工程師在測量土地。,gōngchéngshī zài cèliáng tǔdì.,El ingeniero está midiendo el terreno.,4,HSK4
32206bdaa996,測試,测试,cè shì,test; examination,probar / test,軟體正在進行測試。,ruǎnjiàn zhèngzài jìnxíng cèshì.,El software está siendo probado.,4,HSK4
6cd86951cbcb,曾,曾,céng once;,already; at some time in the past,alguna vez (zeng),我曾經去過那個地方。,wǒ céng qùguò nà ge dìfang.,Alguna vez fui a ese lugar.,4,HSK4
454d593f4564,茶葉,茶叶,chá yè,tea; tea-leaves,hojas de té,這種茶葉很香。,zhè zhǒng cháyè hěn xiāng.,Este té huele muy bien.,4,HSK4
af2451c470f7,產品,产品,chǎnpǐn,product,producto,公司的產品銷往世界各地。,gōngsī de chǎnpǐn xiāowǎng shìjiè gèdì.,Los productos de la empresa se venden en todo el mundo.,4,HSK4
3e9e94e60ec2,長途,长途,chángtú,Long-distance,larga distancia,他打了一個長途電話。,tā dǎ le yī gè chángtú diànhuà.,Hizo una llamada de larga distancia.,4,HSK4
04335fa1f8d2,常識,常识,chángshí,common sense,sentido común,這是基本的常識。,zhè shì jīběn de chángshí.,Esto es de sentido común básico.,4,HSK4
ebfc221f120b,唱片,唱片,chàng piàn,record; disc; phonogram,disco (música),他收藏了很多老唱片。,tā shōucáng le hěn duō lǎo chàngpiàn.,Él colecciona muchos discos antiguos.,4,HSK4
1ae357948637,抄,抄,chāo,copy,copiar,請把這首詩抄下來。,qǐng bǎ zhè shǒu shī chāo xiàlái.,"Por favor, copia este poema.",4,HSK4
b7848a66119a,抄寫,抄写,chāo xiě,copy; transcribe,copiar (escribiendo),把課文抄寫一遍。,bǎ kèwén chāoxiě yībiàn.,Copia el texto de la lección una vez.,4,HSK4
f60c1706dc93,潮,潮,cháo,moist; damp; humid; tide,marea / húmedo / de moda,這裡很潮。,zhèlǐ hěn cháo.,Aquí hay mucha humedad.,4,HSK4
8b07fec780d2,潮流,潮流,cháoliú,Trend,corriente / tendencia,他在追趕潮流。,tā zài zhuīgǎn cháoliú.,Él sigue las tendencias.,4,HSK4
e4c35eb5458c,潮溼,潮湿,cháoshī,damp,húmedo,空氣很潮濕。,kōngqì hěn cháoshī.,El aire está muy húmedo.,4,HSK4
19548a838bbb,徹底,彻底,chèdǐ,thorough,completamente,他徹底改變了主意。,tā chèdǐ gǎibiàn le zhǔyì.,Él cambió de idea por completo.,4,HSK4
84f881cecbeb,沉,沉,chén,sink; keep down; lower; deep; profound; heavy,hundirse / pesado,船沉了。,chuán chén le.,El barco se hundió.,4,HSK4
caf9cc29eb35,沉默,沉默,chénmò,silent,silencio / callado,他一直保持沉默。,tā yīzhí bǎochí chénmò.,Él se mantuvo en silencio todo el tiempo.,4,HSK4
f8be6f74e0bf,沉重,沉重,chénzhòng,heavy,pesado (físico o mental),腳步很沉重。,jiǎobù hěn chénzhòng.,Los pasos son muy pesados.,4,HSK4
8ab112762585,稱讚,称赞,chēngzàn,Praise,elogiar,大家都稱讚他的勇氣。,dàjiā dōu chēngzàn tā de yǒngqì.,Todo el mundo elogió su valentía.,4,HSK4
f19e86a61cd1,成人,成人,chéngrén,adult,adulto,這是一張成人票。,zhè shì yī zhāng chéngrén piào.,Esta es una entrada de adulto.,4,HSK4
e8ea74ffbe07,誠實,诚实,chéngshí,honest,honesto,誠實是最好的品質。,chéngshí shì zuì hǎo de pǐnzhì.,La honestidad es la mejor cualidad.,4,HSK4
df3fbd797f6c,誠信,诚信,chéng xìn,honesty; integrity,integridad / honestidad,做生意要講誠信。,zuò shēngyì yào jiǎng chéngxìn.,En los negocios hay que tener integridad.,4,HSK4
1274ba2976ed,承擔,承担,chéngdān,bear,asumir (responsabilidad),我們要承擔責任。,wǒmen yào chéngdān zérèn.,Debemos asumir la responsabilidad.,4,HSK4
5977d243221a,承認,承认,chéngrèn,Admit,admitir,他承認了錯誤。,tā chéngrèn le cuòwù.,Él admitió su error.,4,HSK4
a6d56e948b08,承受,承受,chéngshòu,bear,soportar,這座橋能承受很大的重量。,zhè zuò qiáo néng chéngshòu hěn dà de zhòngliàng.,Este puente puede soportar mucho peso.,4,HSK4
05bcc9fee601,程序,程序,chéngxù,program,procedimiento / programa,我們要按照程序辦事。,wǒmen yào ànzhào chéngxù bànshì.,Debemos seguir el procedimiento.,4,HSK4
854153510843,喫驚,吃惊,chījīng,Be amazed,sorprenderse,這個消息讓我很驚訝。,zhè ge xiāoxi ràng wǒ hěn chījīng.,Esta noticia me sorprendió mucho.,4,HSK4
62f24795c4e8,尺,尺,chǐ,rule; ruler,regla (medida),這也是一尺布。,zhè yě shì yī chǐ bù.,Esto también es un chi (medida) de tela.,4,HSK4
fbb1d1d706f5,尺寸,尺寸,chǐ cùn,size; measurement; dimension,tamaño / dimensiones,這件衣服的尺寸不合適。,zhè jiàn yīfu de chǐcùn bù héshì.,La talla de esta ropa no es adecuada.,4,HSK4
444dedfad19b,尺子,尺子,chǐzi,Ruler,regla (herramienta),借我一把尺子。,jiè wǒ yī bǎ chǐzi.,Préstame una regla.,4,HSK4
af4d56047711,衝,冲,chōng,punching,enjuagar / cargar (hacia),用水沖一下。,yòng shuǐ chōng yīxià.,Enjuágalo con agua.,4,HSK4
cd59727b81f9,充電,充电,chōng diàn,recharge; charge,cargar (batería),手機正在充電。,shǒujī zhèngzài chōngdiàn.,El móvil se está cargando.,4,HSK4
b119db0a8143,充電器,充电器,chōngdiànqì,Charger,cargador,你有充電器嗎？,nǐ yǒu chōngdiànqì ma?,¿Tienes un cargador?,4,HSK4
33a166afb462,充分,充分,chōngfèn,To the full,pleno / suficiente,我們要充分利用時間。,wǒmen yào chōngfèn lìyòng shíjiān.,Debemos aprovechar el tiempo plenamente.,4,HSK4
93c9e953e8e3,蟲子,虫子,chóng zi,insect; worm; bug,insecto / gusano,蘋果裡有一條蟲。,píngguǒ lǐ yǒu yī tiáo chóngzi.,Hay un gusano en la manzana.,4,HSK4
e9e8722b284d,抽,抽,chōu pump;,take out; shrink; pick out,sacar / extraer,抽一張牌。,chōu yī zhāng pái.,Saca una carta.,4,HSK4
5b85889d2be1,抽獎,抽奖,chōu jiǎng,lottery; lottery draw,sorteo / lotería,我也想去抽獎。,wǒ yě xiǎng qù chōujiǎng.,Yo también quiero participar en el sorteo.,4,HSK4
f975f053ebf7,抽菸,抽烟,chōuyān,smoking,fumar,這裡禁止抽煙。,zhèlǐ jìnzhǐ chōuyān.,Aquí está prohibido fumar.,4,HSK4
6203351bbad2,出口,出口,chūkǒu,Exit,salida / exportar,出口在哪裡？,chūkǒu zài nǎlǐ?,¿Dónde está la salida?,4,HSK4
471f323476a3,出色,出色,chūsè,excellent; outstanding,sobresaliente,他的表現很出色。,tā de biǎoxiàn hěn chūsè.,Su actuación fue sobresaliente.,4,HSK4
9b032b446851,出售,出售,chū shòu,offer for sale; sell,vender,此房出售。,cǐ fáng chūshòu.,Esta casa se vende.,4,HSK4
cb54dd40f6e1,出席,出席,chūxí,Attend,asistir (evento formal),他也出席了會議。,tā yě chūxí le huèiyì.,Él también asistió a la reunión.,4,HSK4
56ed6b74400b,處於,处于,chǔ yú be,in; be (in a certain condition),encontrarse en (estado),公司處於發展階段。,gōngsī chǔyú fāzhǎn jiēduàn.,La empresa se encuentra en una etapa de desarrollo.,4,HSK4
2ef5ab793497,處,处,chǔ,dwell; live; be in a position of,lugar / departamento,到處都是人。,dàochù dōu shì rén.,Hay gente por todas partes.,4,HSK4
8922cd165b10,穿上,穿上,chuān shàng,put on,ponerse (ropa),天冷了，穿上外套吧。,"tiān lěng le, chuān shàng wàitào ba.","Hace frío, ponte el abrigo.",4,HSK4
e1fa96fa9891,傳統,传统,chuántǒng,tradition,tradición / tradicional,這是一個傳統節日。,zhè shì yī gè chuántǒng jiérì.,Esta es una festividad tradicional.,4,HSK4
f5e49cb9c735,窗戶,窗户,chuānghu,Window,ventana,請把窗戶關上。,qǐng bǎ chuānghu guānshàng.,"Por favor, cierra la ventana.",4,HSK4
c2335fa6a46f,窗臺,窗台,chuāng tái,windowsill; sill,alféizar,花盆放在窗台上。,huāpén fàng zài chuāngtái shàng.,La maceta está en el alféizar.,4,HSK4
a381bc042ce2,窗子,窗子,chuāng zi,window,ventana,窗子破了。,chuāngzi pò le.,La ventana está rota.,4,HSK4
cf5f1b371f8f,春季,春季,chūn jì,spring; springtime,temporada de primavera,春季是旅遊的好季節。,chūnjì shì lǚyóu de hǎo jìjié.,La primavera es una buena estación para viajar.,4,HSK4
0f337d36e3c2,純,纯,chún,pure; unmixed; simple; skilful; practised,puro,這是純金的。,zhè shì chúnjīn de.,Esto es de oro puro.,4,HSK4
b2c8f23a5915,純淨水,纯净水,chún jìng shuǐ,pure water,agua purificada,我們要買一桶純水。,wǒmen yào mǎi yī tǒng chúnjìngshuǐ.,Tenemos que comprar una garrafa de agua purificada.,4,HSK4
9e3b8c21dcea,詞彙,词汇,cíhuì,vocabulary,vocabulario,我們要擴大詞彙量。,wǒmen yào kuòdà cíhuìliàng.,Debemos ampliar nuestro vocabulario.,4,HSK4
773b6edafb65,此,此,cǐ,this; these; now; here,esto / este,此時此刻。,cǐshí cǐkè.,En este momento.,4,HSK4
b8c7b562b9e3,此外,此外,cǐwài,in addition,además,此外，還有一些問題。,"cǐwài, hái yǒu yīxiē wèntí.","Además, hay algunos problemas más.",4,HSK4
62e00abbc15a,次（形）,次（形）,cì,second-rate; secondary,secundario / inferior,這是次要的問題。,zhè shì cìyào de wèntí.,Este es un problema secundario.,4,HSK4
4b6d848bf77c,刺,刺,cì,thorn,espina / pinchar,小心玫瑰有刺。,xiǎoxīn méigui yǒu cì.,"Cuidado, las rosas tienen espinas.",4,HSK4
0334929d5661,刺激,刺激,cìjī,stimulate,estimular / excitar,這部電影很刺激。,zhè bù diànyǐng hěn cìjī.,Esta película es muy emocionante.,4,HSK4
caf3525a4f4f,從此,从此,cóngcǐ,from then on,desde entonces,從此，他們過著了幸福的生活。,"cóngcǐ, tāmen guò shàng le xìngfú de shēnghuó.","Desde entonces, vivieron felices.",4,HSK4
acc607eb1fd6,粗,粗,cū wide;,thick; coarse; rough; gruff; careless; rude,grueso / tosco,這棵樹很粗。,zhè kē shù hěn cū.,Este árbol es muy grueso.,4,HSK4
4e25ebaf0b94,粗心,粗心,cūxīn,careless,descuidado,他做作業很粗心。,tā zuò zuòyè hěn cūxīn.,Él es muy descuidado con los deberes.,4,HSK4
0c1e8e8b226c,促進,促进,cùjìn,Promote,promover / fomentar,我們要促進合作。,wǒmen yào cùjìn hézuò.,Debemos promover la cooperación.,4,HSK4
bce3d67fdfc1,促使,促使,cùshǐ,Urge,impulsar / causar,這促使我做出了決定。,zhè cùshǐ wǒ zuò chū le juédìng.,Esto me impulsó a tomar una decisión.,4,HSK4
6f669ce751ed,促銷,促销,cù xiāo,promotion,promoción de ventas,商場正在搞促銷。,shāngchǎng zhèngzài gǎo cùxiāo.,El centro comercial está haciendo una promoción.,4,HSK4
d976222afb84,措施,措施,cuòshī,Measures,medida,政府採取了新措施。,zhèngfǔ cǎiqǔ le xīn cuòshī.,El gobierno ha tomado nuevas medidas.,4,HSK4
778ea06048b6,打,打,dǎ strike;,hit; break; fight; build; beat,golpear / llamar,他打了我一下。,tā dǎ le wǒ yīxià.,Me dio un golpe.,4,HSK4
a0d147162fa6,答案,答案,dá'àn,Answer,respuesta,我知道答案。,wǒ zhīdào dá'àn.,Sé la respuesta.,4,HSK4
784e593f8f95,打敗,打败,dǎ bài,defeat; beat; be defeated,derrotar,我們要打敗對手。,wǒmen yào dǎbài duìshǒu.,Tenemos que derrotar al oponente.,4,HSK4
388cdc5ed899,打雷,打雷,dǎ léi,thunder,tronar,外面在打雷。,wàimiàn zài dǎléi.,Está tronando afuera.,4,HSK4
944f7b5b485c,打折,打折,dǎzhé,Discount,hacer descuento,這件衣服打折嗎？,zhè jiàn yīfu dǎzhé ma?,¿Esta ropa tiene descuento?,4,HSK4
fd53bdcaa3fb,打針,打针,dǎzhēn,To make an injection,poner inyección,我不喜歡打針。,wǒ bù xǐhuān dǎzhēn.,No me gusta que me pongan inyecciones.,4,HSK4
207330ae764f,大巴,大巴,dà bā,bus,autobús grande,我們要坐巴士去機場。,wǒmen yào zuò dàbā qù jīchǎng.,Tenemos que tomar el autobús para ir al aeropuerto.,4,HSK4
e3b98c8ebac2,大多,大多,dà duō,mostly; for the most part,la mayoría,大多數人都同意。,dàduō rén dōu tóngyì.,La mayoría de la gente está de acuerdo.,4,HSK4
cd8f583180a2,大方,大方,dàfang,generous,generoso,他出手很大方。,tā chūshǒu hěn dàfang.,Él es muy generoso.,4,HSK4
b29a728be6a6,大哥,大哥,dà gē,big brother; elder brother,hermano mayor / jefe,他是我的大哥。,tā shì wǒ de dàgē.,Él es mi hermano mayor.,4,HSK4
5200c843c80e,大規模,大规模,dà guī mó,large-scale; extensive,gran escala,這是一次大規模的活動。,zhè shì yī cì dà guīmó de huódòng.,Este es un evento a gran escala.,4,HSK4
b03f7acf4397,大會,大会,dà huì convention;,general meeting; General Assembly,asamblea / congreso,我們正在開大會。,wǒmen zhèngzài kāi dàhuì.,Estamos celebrando una asamblea.,4,HSK4
19d4708da8e9,大姐,大姐,dà jiě,elder sister,hermana mayor,大姐，請問這路怎麼走？,"dàjiě, qǐngwèn zhè lù zěnme zǒu?","Señora (hermana mayor), ¿cómo se llega allí?",4,HSK4
66ea706b423f,大樓,大楼,dà lóu,building; large building,edificio grande,這是一棟現代化的大樓。,zhè shì yī zuò xiàndàihuà de dàlóu.,Este es un edificio moderno.,4,HSK4
7df60a9675e6,大陸,大陆,dà lù,continent; mainland,continente,這裡是非洲大陸。,zhèlǐ shì fēizhōu dàlù.,Esto es el continente africano.,4,HSK4
544f9c4f5a51,大媽,大妈,dà mā aunt;,father's elder brother's wife,tía / señora mayor,公園裡有很多大媽在跳舞。,gōngyuán lǐ yǒu hěn duō dàmā zài tiàowǔ.,Hay muchas señoras mayores bailando en el parque.,4,HSK4
4f55a879ffad,大型,大型,dàxíng,large,gran escala,這是一家大型企業。,zhè shì yī jiā dàxíng qǐyè.,Esta es una empresa a gran escala.,4,HSK4
9313a1cdaa41,大爺,大爷,dà ye,uncle; father's elder brother,tío / señor mayor,王大爺是個熱心人。,wáng dàye shì gè rèxīn rén.,El tío Wang es una persona muy entusiasta.,4,HSK4
7608451b10ef,大衆,大众,dà zhòng,public; the masses; people,público / masas,這款車很受大眾歡迎。,zhè kuǎn chē hěn shòu dàzhòng huānyíng.,Este coche es muy popular entre el público.,4,HSK4
5a6852c07f01,代替,代替,dàitì,replace,sustituir / reemplazar,沒有什麼能代替健康。,méiyǒu shénme néng dàitì jiànkāng.,Nada puede sustituir a la salud.,4,HSK4
e384e7c447c2,待遇,待遇,dàiyù,treatment,trato / salario,這家公司的待遇很好。,zhè jiā gōngsī de dàiyù hěn hǎo.,El salario y beneficios de esta empresa son muy buenos.,4,HSK4
1ad82cc05cb9,袋,袋,dài,bag; sack; pocket; pouch,bolsa,這一袋米很重。,zhè yī dài mǐ hěn zhòng.,Esta bolsa de arroz pesa mucho.,4,HSK4
e429edffe34c,戴,戴,dài,wear,llevar puesto (accesorios),我不習慣戴眼鏡。,wǒ bù xíguàn dài yǎnjìng.,No estoy acostumbrado a llevar gafas.,4,HSK4
7be6d57b5711,擔保,担保,dānbǎo,assure; hypothecate,garantizar,我為你擔保。,wǒ wèi nǐ dānbǎo.,Yo respondo por ti.,4,HSK4
82e9ecce07c4,擔任,担任,dānrèn,To serve as,ocupar el cargo de,他擔任班長。,tā dānrèn bānzhǎng.,Él ocupa el cargo de monitor de la clase.,4,HSK4
47c09a49ac44,單,单,dān single;,odd; unlined; thin; weak; only; alone,solo / único / lista,這是一個單行道。,zhè shì yī gè dānxíngdào.,Esta es una calle de sentido único.,4,HSK4
6b71a9289fa7,單純,单纯,dānchún,Simple,simple / puro,他的想法很單純。,tā de xiǎngfǎ hěn dānchún.,Sus pensamientos son muy simples.,4,HSK4
c6a4a78ebc48,單調,单调,dāndiào,monotonous,monótono,這份工作很單調。,zhè fèn gōngzuò hěn dāndiào.,Este trabajo es muy monótono.,4,HSK4
616f5aa5f70c,單獨,单独,dāndú,Alone,solo / individualmente,我想和你單獨談談。,wǒ xiǎng hé nǐ dāndú tántan.,Quiero hablar contigo a solas.,4,HSK4
6f0bcd60bb01,淡,淡,dàn,light,insípido / claro (color),這菜有點淡。,zhè cài yǒudiǎn dàn.,Este plato está un poco soso.,4,HSK4
2755ca43c370,導遊,导游,dǎoyóu,Guide,guía turístico,導遊正在講解。,dǎoyóu zhèngzài jiǎngjiě.,El guía turístico está dando explicaciones.,4,HSK4
06bab345a3d6,導致,导致,dǎozhì,cause,causar / provocar,吸煙會導致癌症。,xīyān huì dǎozhì áizhèng.,Fumar puede causar cáncer.,4,HSK4
69c807fe4c5a,倒閉,倒闭,dǎobì,Collapse,ir a la quiebra,這家工廠倒閉了。,zhè jiā gōngchǎng dǎobì le.,Esta fábrica ha quebrado.,4,HSK4
1d01ddebbecf,倒車,倒车,dǎo // chē,change trains or buses,dar marcha atrás / transbordo,倒車請注意。,dàochē qǐng zhùyì.,Cuidado al dar marcha atrás.,4,HSK4
15d0390efb8f,倒車,倒车,dào // chē,back a car; reverse,dar marcha atrás / transbordo,倒車請注意。,dàochē qǐng zhùyì.,Cuidado al dar marcha atrás.,4,HSK4
ded864f108b5,得意,得意,déyì,Proud,orgulloso / complacido,他看起來很得意。,tā kàn qǐlái hěn déyì.,Él parece muy satisfecho consigo mismo.,4,HSK4
8e3b0b129961,得,得,děi,need; must; have to; be sure to,obtener / partícula,你得了一百分。,nǐ dé le yī bǎi fēn.,Obtuviste cien puntos.,4,HSK4
68e355ce1aee,燈光,灯光,dēng guāng,light; stage lighting,luz (iluminación),舞台的燈光很漂亮。,wǔtái de dēngguāng hěn piàoliang.,La iluminación del escenario es muy bonita.,4,HSK4
50212b3801b9,登,登,dēng ascend;,mount; scale; step on; pedal; publish,subir / escalar,我們要登長城。,wǒmen yào dēng chángchéng.,Vamos a subir a la Gran Muralla.,4,HSK4
693fff697b55,登記,登记,dēngjì,register,registrarse,請先登記一下。,qǐng xiān dēngjì yīxià.,"Por favor, regístrese primero.",4,HSK4
e496e4cbf2c8,登錄,登录,dēnglù,Sign in,iniciar sesión,請輸入密碼登入。,qǐng shūrù mìmǎ dēnglù.,"Por favor, introduce la contraseña para iniciar sesión.",4,HSK4
bdc7fe416516,登山,登山,dēng shān mountaineer;,mountain-climbing,escalar montaña,他喜歡登山運動。,tā xǐhuān dēngshān yùndòng.,A él le gusta el montañismo.,4,HSK4
fc6a17bb2d3a,的確,的确,díquè,indeed; be certain to,realmente / ciertamente,這的確是個好主意。,zhè díquè shì gè hǎo zhǔyi.,Realmente es una buena idea.,4,HSK4
a6968db83d65,敵人,敌人,dírén,Enemy,enemigo,我們戰勝了敵人。,wǒmen zhànshèng le dírén.,Hemos vencido al enemigo.,4,HSK4
1af8ec269b9a,底,底,dǐ,bottom,fondo,他在箱子底下找到了一本書。,tā zài xiāngzi dǐxia zhǎodào le yī běn shū.,Encontró un libro en el fondo de la caja.,4,HSK4
bd0efd25f69b,地面,地面,dì miàn,ground; floor; surface,suelo,地面很滑。,dìmiàn hěn huá.,El suelo está resbaladizo.,4,HSK4
c36430bacaa4,地位,地位,dìwèi,status,estatus / posición,他在公司的地位很高。,tā zài gōngsī de dìwèi hěn gāo.,Su posición en la empresa es muy alta.,4,HSK4
1e050e0c5346,地下,地下,dì xià underground;,subterranean; secret,subterráneo,這裡有地下停車場。,zhèlǐ yǒu dìxià tíngchēchǎng.,Aquí hay un aparcamiento subterráneo.,4,HSK4
2f74e103e0b3,地址,地址,dìzhǐ,address,dirección,請寫下你的地址。,qǐng xiěxià nǐ de dìzhǐ.,"Por favor, escribe tu dirección.",4,HSK4
81da01a628e0,典型,典型,diǎnxíng,typical,típico,這是一個典型的例子。,zhè shì yī gè diǎnxíng de lìzi.,Este es un ejemplo típico.,4,HSK4
e2146b972ad9,點名,点名,diǎn míng,rollcall; mention sb. by name,pasar lista,老師正在點名。,lǎoshī zhèngzài diǎnmíng.,El profesor está pasando lista.,4,HSK4
fff44acc95ae,電燈,电灯,diàn dēng,electric light,lámpara eléctrica,請打開電燈。,qǐng dǎkāi diàndēng.,"Por favor, enciende la lámpara.",4,HSK4
eb6c3e346a5a,電動車,电动车,diàn dòng chē,electric car,moto eléctrica,他騎電動車上班。,tā qí diàndòngchē shàngbān.,Él va al trabajo en moto eléctrica.,4,HSK4
99146cd5f466,電源,电源,diànyuán,power supply,fuente de alimentación,請切斷電源。,qǐng qiēduàn diànyuán.,"Por favor, corta la corriente.",4,HSK4
18549c2b3d63,頂,顶,dǐng,top,cima / superior / clasificador,山頂上有雪。,shāndǐng shàng yǒu xuě.,Hay nieve en la cima de la montaña.,4,HSK4
e9d8830de3ca,定,定,dìng decide;,fix; book; order; calm; stable,decidir / fijar,時間定了嗎？,shíjiān dìng le ma?,¿Ya se ha fijado la hora?,4,HSK4
a90114fed106,冬季,冬季,dōng jì,winter,temporada de invierno,冬季要注意保暖。,dōngjì yào zhùyì bǎonuǎn.,En invierno hay que abrigarse bien.,4,HSK4
b90ed1171a1b,動畫片,动画片,dònghuàpià n,Cartoon,dibujos animados,孩子們在看卡通。,háizi men zài kàn dònghuàpiàn.,Los niños están viendo dibujos animados.,4,HSK4
0d130449f468,動搖,动摇,dòng yáo shake;,vacillate; waver; be indecisive,vacilar / sacudir,他的決心動搖了。,tā de juéxīn dòngyáo le.,Su determinación flaqueó.,4,HSK4
80b77542f135,豆腐,豆腐,dòufu,tofu,tofu,這道麻婆豆腐很好吃。,zhè dào mápó dòufu hěn hǎochī.,Este Mapo Tofu está muy rico.,4,HSK4
246a2e913bb6,獨立,独立,dúlì,Independent,independiente,由於從小就獨立生活，他很懂事。,"yóuyú cóngxiǎo jiù dúlì shēnghuó, tā hěn dǒngshì.","Como ha vivido independientemente desde pequeño, es muy sensato.",4,HSK4
a59dbd8dcf0c,獨特,独特,dútè,unique,único,這種風格很獨特。,zhè zhǒng fēnggé hěn dútè.,Este estilo es único.,4,HSK4
7cdc0ab82cc5,獨自,独自,dú zì,alone; by oneself; one's own,solo / por sí mismo,他獨自一人去旅行。,tā dúzì yī rén qù lǚxíng.,Él se fue de viaje solo.,4,HSK4
29b5611ef77a,堵,堵,dǔ stop,up; block up; stifled; suffocated; oppressed,atascar / tapar,下水道堵了。,xiàshuǐdào dǔ le.,El desagüe está atascado.,4,HSK4
1fbabefa6ae3,堵車,堵车,dǔchē,Traffic jam,atasco de tráfico,路上塞車很嚴重。,lùshang dǔchē hěn yánzhòng.,Hay un atasco muy grave en la carretera.,4,HSK4
6606453263ae,肚子,肚子,dùzi,belly,barriga / estómago,我肚子痛。,wǒ dùzi téng.,Me duele la barriga.,4,HSK4
a2b49e572596,度過,度过,dùguò,Spend,pasar (tiempo),我們度過了一個愉快的假期。,wǒmen dùguò le yī gè yúkuài de jiàqī.,Pasamos unas vacaciones agradables.,4,HSK4
160afb1937d6,對比,对比,duìbǐ,Contrast,comparar / contraste,把這兩張圖比較一下。,bǎ zhè liǎng zhāng tú duìbǐ yīxià.,Compara estas dos imágenes.,4,HSK4
d45eee36fcbb,對付,对付,duìfu,deal with,lidiar con,這個問題很難對付。,zhè ge wèntí hěn nán duìfu.,Este problema es difícil de lidiar.,4,HSK4
203c7f555b2d,對於,对于,duìyú,about,con respecto a,對於這個問題，我有不同看法。,"duìyú zhè ge wèntí, wǒ yǒu bùtóng kànfǎ.","Con respecto a este problema, tengo una opinión diferente.",4,HSK4
df88388c26d5,多次,多次,duō cì,repeatedly; many a time,muchas veces,我多次提醒過他。,wǒ duōcì tíxǐng guò tā.,Le he recordado muchas veces.,4,HSK4
23622922e9de,多年,多年,duō nián,many years,muchos años,我們要維持多年的友誼。,wǒmen yào bǎochí duōnián de yǒuyì.,Debemos mantener nuestra amistad de muchos años.,4,HSK4
86f4d5af284e,多樣,多样,duō yàng,diversity,diverso,這裡的生物種類很多元。,zhèlǐ de shēngwù zhǒnglèi hěn duōyàng.,La variedad de especies aquí es muy diversa.,4,HSK4
0bbe0ab01189,多種,多种,duō zhǒng multiple;,various; diversified; manifold,varios tipos,這裡有多種顏色的花。,zhèlǐ yǒu duōzhǒng yánsè de huā.,Aquí hay flores de varios colores.,4,HSK4
c1c0e5f9a793,噁心,恶心,ěxin,disgusting,náuseas / asqueroso,我覺得有點噁心。,wǒ juéde yǒudiǎn ěxin.,Siento un poco de náuseas.,4,HSK4
3e1db2196073,兒童,儿童,értóng,children,niño,今天是兒童節。,jīntiān shì értóng jié.,Hoy es el Día del Niño.,4,HSK4
aa0458980e0a,而,而,ér,and,sino / y,他不胖而瘦。,tā bù pàng ér shòu.,"Él no es gordo, sino delgado.",4,HSK4
3c6ec2c8795b,而是,而是,ér shì,but,sino que,這不是失敗，而是挑戰。,"zhè bùshì shībài, érshì tiǎozhàn.","Esto no es un fracaso, sino un desafío.",4,HSK4
0059f5d93aa1,耳機,耳机,ěr jī,earphone; headphone; headset,auriculares,請戴上耳機。,qǐng dài shàng ěrjī.,"Por favor, ponte los auriculares.",4,HSK4
ff4310c3d608,二手,二手,èr shǒu,second hand,segunda mano,我想買一輛二手車。,wǒ xiǎng mǎi yī liàng èrshǒu chē.,Quiero comprar un coche de segunda mano.,4,HSK4
797f92f5d307,發揮,发挥,fāhuī,Develop,desempeñar / ejercer,希望你發揮出最好水準。,xīwàng nǐ fāhuī chū zuì hǎo shuǐpíng.,Espero que desempeñes tu mejor nivel.,4,HSK4
932418c21102,發票,发票,fāpiào,invoice,factura,請給我開一張發票。,qǐng gěi wǒ kāi yī zhāng fāpiào.,"Por favor, deme una factura.",4,HSK4
6a3e6939319e,法,法,fǎ law;,way; method; example; rule,ley / método,這不合乎法。,zhè bù héhū fǎ.,Esto no es conforme a la ley.,4,HSK4
761a7b54a78b,法官,法官,fǎ guān,judge,juez,法官做出了判決。,fǎguān zuò chū le pànjué.,El juez dictó sentencia.,4,HSK4
77393738add7,法律,法律,fǎlǜ,Law,ley (derecho),我們要遵守法律。,wǒmen yào zūnshǒu fǎlǜ.,Debemos obedecer la ley.,4,HSK4
2d0e9d511c58,法院,法院,fǎyuàn,Court,tribunal,他在法院工作。,tā zài fǎyuàn gōngzuò.,Él trabaja en el tribunal.,4,HSK4
9607321e78b1,翻,翻,fān,Turn,voltear / traducir,把書翻到第十頁。,bǎ shū fān dào dì shí yè.,Abre el libro en la página diez.,4,HSK4
2036deee5fd4,翻譯,翻译,fānyì,translate,traducir / traductor,請把這句話翻譯成中文。,qǐng bǎ zhè jù huà fānyì chéng zhōngwén.,"Por favor, traduce esta frase al chino.",4,HSK4
7a75893993d9,煩,烦,fán,bother; to bother,molesto,別煩我。,bié fán wǒ.,No me molestes.,4,HSK4
6475a86243ec,反,反,fǎn turn,over; rebel; on the contrary; instead,opuesto / anti,這是正反兩面。,zhè shì zhèng fǎn liǎng miàn.,Estas son las dos caras (anverso y reverso).,4,HSK4
38c5b3cec973,反而,反而,fǎn'ér,Instead,al contrario,風不但沒停，反而更大了。,"fēng bùdàn méi tíng, fǎn'ér gèng dà le.","El viento no solo no paró, sino que se hizo más fuerte.",4,HSK4
f1344af42b8f,反映,反映,fǎnyìng,reflect,reflejar / reportar,這部電影反映了社會現實。,zhè bù diànyǐng fǎnyìng le shèhuì xiànshí.,Esta película refleja la realidad social.,4,HSK4
7c3f4920e8b1,方,方,fāng,square,cuadrado / dirección,這是一個立方體。,zhè shì yī gè zhèngfāngtǐ.,Este es un cubo.,4,HSK4
50596fec14fa,方案,方案,fāng'àn,programme,plan / propuesta,這是我們提出的方案。,zhè shì wǒmen tíchū de fāng'àn.,Esta es la propuesta que presentamos.,4,HSK4
72104b72a36f,方針,方针,fāngzhēn,policy,política / directriz,這是公司的經營方針。,zhè shì gōngsī de jīngyíng fāngzhēn.,Esta es la política de gestión de la empresa.,4,HSK4
bc2a2266b6a1,放鬆,放松,fàngsōng,Relax,relajarse,聽聽音樂放鬆一下。,tīngting yīnyuè fàngsōng yīxià.,Escucha música para relajarte un poco.,4,HSK4
e683317a75c7,非,非,fēi,wrong,no / no ser,非誠勿擾。,fēi chéng wù rǎo.,"Si no es sincero, no moleste.",4,HSK4
396769e9fe02,肥,肥,féi,fat; fertile,gordo / fértil,這塊地很肥。,zhè kuài dì hěn féi.,Esta tierra es muy fértil.,4,HSK4
2e51c6fb52ce,分佈,分布,fēnbù,distribution,distribuir,這種植物分佈在南部。,zhè zhǒng zhíwù fēnbù zài nánfāng.,Esta planta se distribuye en el sur.,4,HSK4
ed7d97833d32,分散,分散,fēnsàn,Dispersed,dispersar,人群慢慢分散了。,rénqún mànman fēnsàn le.,La multitud se dispersó lentamente.,4,HSK4
657931044392,分手,分手,fēnshǒu,Break up,romper (relación),他們已經分手了。,tāmen yǐjīng fēnshǒu le.,Ellos ya han roto.,4,HSK4
f2cc2b2077b9,分爲,分为,fēn wéi,divide into,dividir en,這本書分為三部分。,zhè běn shū fēnwéi sān bùfèn.,Este libro se divide en tres partes.,4,HSK4
7ebdd799cfc2,…分之…,…分之…,… fēn zhī …,fractional number,fracción,三分之一。,sān fēnzhī yī.,Un tercio.,4,HSK4
4e3762cbebe7,紛紛,纷纷,fēnfēn,one after another,uno tras otro,大家紛紛表示贊同。,dàjiā fēnfēn biǎoshì zàntóng.,Todos expresaron su acuerdo uno tras otro.,4,HSK4
112c73db8c29,奮鬥,奋斗,fèndòu,Struggle,luchar / esforzarse,我們要為夢想而奮鬥。,wǒmen yào wèi mèngxiǎng ér fèndòu.,Debemos luchar por nuestros sueños.,4,HSK4
2e622d9066ef,風格,风格,fēnggé,style,estilo,我不喜歡這種風格。,wǒ bù xǐhuān zhè zhǒng fēnggé.,No me gusta este estilo.,4,HSK4
3ee3c2e56417,風景,风景,fēngjǐng,Scenery,paisaje,這裡的風景真美。,zhèlǐ de fēngjǐng zhēn měi.,El paisaje aquí es realmente hermoso.,4,HSK4
15aea5e5c282,風俗,风俗,fēngsú,Customs,costumbre,我們要尊重當地的風俗。,wǒmen yào zūnshǒu dāngdì de fēngsú.,Debemos respetar las costumbres locales.,4,HSK4
a3d763cc26e0,封閉,封闭,fēngbì,close,cerrado / sellar,這是一種封閉的管理模式。,zhè shì yī zhǒng fēngbì de guǎnlǐ móshì.,Este es un modelo de gestión cerrado.,4,HSK4
fcccc4c8ebca,否則,否则,fǒuzé,otherwise,de lo contrario,你要努力，否則會失敗。,"nǐ yào nǔlì, fǒuzé huì shībài.","Tienes que esforzarte, de lo contrario fracasarás.",4,HSK4
61e1df039a12,夫婦,夫妇,fūfù,couple,marido y mujer,這對夫婦很恩愛。,zhè duì fūfù hěn ēn'ài.,Esta pareja se quiere mucho.,4,HSK4
5de6908f41e0,夫妻,夫妻,fū qī,man and wife,esposos,夫妻之間要互相信任。,fūqī zhījiān yào hùxiāng xìnrèn.,Los esposos deben confiar el uno en el otro.,4,HSK4
12dc588b072d,夫人,夫人,fūrén,Madam,señora / esposa,這位是我的夫人。,zhè wèi shì wǒ de fūrén.,Esta es mi esposa.,4,HSK4
4759bfaf5022,符號,符号,fúhào,Symbol,símbolo,這是一個數學符號。,zhè shì yī gè shùxué fúhào.,Este es un símbolo matemático.,4,HSK4
de9f13be2440,符合,符合,fúhé,accord with,cumplir con / acordar,這不符合規定。,zhè bù fúhé guīdìng.,Esto no cumple con las normas.,4,HSK4
c3bfff034d3f,付出,付出,fù chū,pay out,pagar / dedicar,只要付出努力，就會有回報。,"zhǐyào fùchū nǔlì, jiù huì yǒu huíbào.","Mientras te esfuerces, habrá recompensa.",4,HSK4
4af9dacaedf7,負擔,负担,fùdān,burden,carga,他的家庭負擔很重。,tā de jiātíng fùdān hěn zhòng.,Su carga familiar es muy pesada.,4,HSK4
234e0315478e,複製,复制,fùzhì,copy,copiar / duplicar,請把這個文件複製一份。,qǐng bǎ zhè ge wénjiàn fùzhì yī fèn.,"Por favor, haz una copia de este archivo.",4,HSK4
48afcfcf459b,改善,改善,gǎishàn,Improve,mejorar,我們要改善生活條件。,wǒmen yào gǎishàn shēnghuó tiáojiàn.,Debemos mejorar las condiciones de vida.,4,HSK4
65d102cf76dc,改正,改正,gǎizhèng,correction,corregir,知錯就改正是好孩子。,zhī cuò jiù gǎizhèng shì hǎo háizi.,Reconocer los errores y corregirlos es de buenos niños.,4,HSK4
d47711cf5a62,蓋,盖,gài,cover,tapa / cubrir / construir,把瓶蓋蓋上。,bǎ pínggài gài shàng.,Pon la tapa a la botella.,4,HSK4
821abd8a33e1,概括,概括,gàikuò,Generalization,resumir,請概括一下這篇文章的大意。,qǐng gàikuò yīxià zhè piān wénzhāng de dàyì.,"Por favor, resume la idea principal de este artículo.",4,HSK4
6bd55c347199,感興趣,感兴趣,gǎnxìngqù,be intretested in,estar interesado,我對中國歷史很有興趣。,wǒ duì zhōngguó lìshǐ hěn gǎn xìngqù.,Estoy muy interesado en la historia de China.,4,HSK4
4e440d3c09bc,高潮,高潮,gāocháo,climax,clímax,這是電影的高潮部分。,zhè shì diànyǐng de gāocháo bùfèn.,Este es el clímax de la película.,4,HSK4
d553c765e0d8,高價,高价,gāo jià,high price,alto precio,他以高價買下了這幅畫。,tā yǐ gāojià mǎi xià le zhè fú huà.,Él compró este cuadro a un precio alto.,4,HSK4
eb257938a640,高尚,高尚,gāoshàng,noble,noble,他是個品德高尚的人。,tā shì yī gè pǐndé gāoshàng de rén.,Él es una persona de carácter noble.,4,HSK4
81719ce6b9a0,高鐵,高铁,gāo tiě high-speed,train; high-speed rail,tren de alta velocidad,中國的高鐵很快。,zhōngguó de gāotiě hěn kuài.,El tren de alta velocidad de China es muy rápido.,4,HSK4
b8e96f3b89a0,格外,格外,géwài,especially,especialmente,今天的月亮格外圓。,jīntiān de yuèliang géwài yuán.,La luna de hoy está especialmente redonda.,4,HSK4
81b86867a8e4,隔,隔,gé,partition; separate; divide,separar / estar separado por,我家隔壁住著一位老人。,wǒ jiā gébì zhù zhe yī wèi lǎorén.,Al lado de mi casa vive un anciano.,4,HSK4
b9912401228b,隔開,隔开,gé kāi separate;,space out; separation; partition,separar,用牆把兩個房間隔開。,yòng qiáng bǎ liǎng gè fángjiān gé kāi.,Separa las dos habitaciones con una pared.,4,HSK4
8ca495566ddf,個別,个别,gèbié,individual,individual / muy pocos,這是個別現象。,zhè shì gèbié xiànxiàng.,Este es un fenómeno aislado.,4,HSK4
7620b994fff9,個體,个体,gètǐ,individual,individuo,我們要尊重個體的差異。,wǒmen yào zūnshǒu gètǐ de chāyì.,Debemos respetar las diferencias individuales.,4,HSK4
a9fbe8ae8065,各個,各个,gè gè,each,cada uno,各部門都要配合。,gègè bùmén dōu yào pèihé.,Cada departamento debe cooperar.,4,HSK4
c0548d0ddb94,根,根,gēn,root,raíz / clasificador,樹根很深。,shùgēn hěn shēn.,Las raíces del árbol son muy profundas.,4,HSK4
53f351f2e05f,工程,工程,gōng chéng,engineering; project,ingeniería / proyecto,這是一個大工程。,zhè shì yī gè dà gōngchéng.,Este es un gran proyecto.,4,HSK4
ca532a969fa9,公元,公元,gōngyuán,A.D.,d.C. (era común),西元2023年。,gōngyuán èr líng èr sān nián.,Año 2023 d.C.,4,HSK4
807fbf83e6bb,供應,供应,gōng yìng,supply; provide,suministrar,我們要確保物資供應。,wǒmen yào bǎozhèng wùzī gōngyìng.,Debemos garantizar el suministro de materiales.,4,HSK4
3559ac9433ad,共,共,gòng common;,general; share; together; altogether,juntos / total,總共多少錢？,yīgòng duōshǎo qián?,¿Cuánto es en total?,4,HSK4
53c1fa752929,構成,构成,gòuchéng,constitute,constituir / formar,水由氫和氧構成。,shuǐ yóu qīng hé yǎng gòuchéng.,El agua está constituida por hidrógeno y oxígeno.,4,HSK4
74b3f6c2f55e,構造,构造,gòu zào,structure; construction,estructura,這房子的構造很堅固。,zhè fángzi de gòuzào hěn jiāngù.,La estructura de esta casa es muy sólida.,4,HSK4
f2e06d6ebc97,購買,购买,gòu mǎi,buy; purchase,comprar,歡迎購買我們的產品。,huānyíng gòumǎi wǒmen de chǎnpǐn.,Bienvenido a comprar nuestros productos.,4,HSK4
e599763c8a51,購物,购物,gòuwù,Shopping,ir de compras,她喜歡去商場購物。,tā xǐhuān qù shāngchǎng gòuwù.,A ella le gusta ir de compras al centro comercial.,4,HSK4
886ace5d126a,骨頭,骨头,gǔtou,Bone,hueso,這塊肉裡有骨頭。,zhè kuài ròu lǐ yǒu gǔtou.,En este trozo de carne hay hueso.,4,HSK4
bef16a589bfe,固定,固定,gùdìng,fixed,fijo,我們要把時間固定下來。,wǒmen yào bǎ shíjiān gùdìng xiàlái.,Tenemos que fijar la hora.,4,HSK4
511df0ea0732,瓜,瓜,guā,melon,melón,這個瓜很甜。,zhè ge guā hěn tián.,Este melón es muy dulce.,4,HSK4
c718610f6d3a,怪（形、副）,怪（形、副）,guài strange;,odd; bewildering; very; quite;,extraño / culpar,這事不能怪他。,zhè shì bùnéng guài tā.,No se le puede culpar de esto.,4,HSK4
039d37e959f3,關（名）,关（名）,guān pass;,check point; customhouse; mechanism; barrier,paso / barrera,這一關很難過。,zhè yī guān hěn nánguò.,Este nivel es difícil de pasar.,4,HSK4
cf7270d0f7af,關閉,关闭,guānbì,close; shut,cerrar,商店已經關閉了。,shāngdiàn yǐjīng guānbì le.,La tienda ya ha cerrado.,4,HSK4
912bacbf7da2,官,官,guān,officer,oficial / funcionario,他是個大官。,tā shì gè dàguān.,Él es un alto funcionario.,4,HSK4
6bc522a3acd0,官方,官方,guānfāng,by the government official,oficial,這是官方消息。,zhè shì guānfāng xiāoxi.,Esta es una noticia oficial.,4,HSK4
1106ec5b1d4c,光臨,光临,guānglín,presence,presencia (honorífica),歡迎光臨！,huānyíng guānglín!,¡Bienvenido!,4,HSK4
28d1a1b50f42,光盤,光盘,guāngpán,CD,CD / DVD,這張光碟壞了。,zhè zhāng guāngpán huài le.,Este disco está roto.,4,HSK4
7add472a4573,逛,逛,guàng,Stroll,pasear,我們去逛街吧。,wǒmen qù guàngjiē ba.,Vamos a dar una vuelta (de compras).,4,HSK4
abd2c293098f,歸,归,guī,return; go back,volver / devolver,這本書歸原主了。,zhè běn shū guī yuánzhǔ le.,Este libro ha vuelto a su dueño original.,4,HSK4
b815a9c53238,規律,规律,guīlǜ,Law,ley / patrón,我們要發現事物的規律。,wǒmen yào fāxiàn shìwù de guīlǜ.,Debemos descubrir las leyes de las cosas.,4,HSK4
bd7f78571355,規模,规模,guīmó,scale,escala,公司的規模正在擴大。,gōngsī de guīmó zài kuòdà.,La escala de la empresa se está expandiendo.,4,HSK4
ee40408142e5,規則,规则,guīzé,rule,regla,這是比賽規則。,zhè shì bǐsài guīzé.,Estas son las reglas del partido.,4,HSK4
0122b6793309,果實,果实,guǒshí,fruit,fruto,樹上結滿了果實。,shù shàng jiē mǎn le guǒshí.,El árbol está lleno de frutos.,4,HSK4
64a5221c8cee,過分,过分,guòfèn,excessive,excesivo,你的要求太過分了。,nǐ de yāoqiú tài guòfèn le.,Tu petición es excesiva.,4,HSK4
b8b3f7cb85e6,海水,海水,hǎi shuǐ,seawater; brine; sea,agua de mar,海水是鹹的。,hǎishuǐ shì xián de.,El agua de mar es salada.,4,HSK4
b3b30cf78a2a,海鮮,海鲜,hǎixiān,seafood,marisco,我很喜歡吃海鮮。,wǒ hěn xǐhuān chī hǎixiān.,Me gusta mucho comer marisco.,4,HSK4
61b6de846d64,含,含,hán,contain; cherish; nurse; keep,contener / mantener en la boca,這種糖含在嘴裡很久才化。,zhè zhǒng táng hán zài zuǐ lǐ hěn jiǔ cái huà.,Este caramelo tarda mucho en derretirse en la boca.,4,HSK4
bba4b029d7bf,含量,含量,hán liàng,content,contenido,這種食物的脂肪含量很高。,zhè zhǒng shíwù de zhīfáng hánliàng hěn gāo.,El contenido de grasa de este alimento es muy alto.,4,HSK4
3d6a61354634,含義,含义,hányì,signification; meanings,significado / implicación,這句話有深刻的意義。,zhè jù huà yǒu shēnkè de hányì.,Esta frase tiene un significado profundo.,4,HSK4
fe398f6a4b5d,含有,含有,hán yǒu,contain; have,contener,這種飲料含有酒精。,zhè zhǒng yǐnliào hányǒu jiǔjīng.,Esta bebida contiene alcohol.,4,HSK4
f8064e8ea1c5,寒假,寒假,hánjià,The winter vacation,vacaciones de invierno,我們快要放寒假了。,wǒmen kuàiyào fàng hánjià le.,Pronto tendremos las vacaciones de invierno.,4,HSK4
df8878a99b3a,寒冷,寒冷,hán lěng,cold; frigid; chill; frigidity,frío (clima),北方的冬天很寒冷。,běifāng de dōngtiān hěn hánlěng.,El invierno en el norte es muy frío.,4,HSK4
ba08b7ffe46e,行業,行业,hángyè,industry,industria / sector,你在哪個行業工作？,nǐ zài nǎ ge hángyè gōngzuò?,¿En qué sector trabajas?,4,HSK4
697065d49be9,航班,航班,hángbān,flight,vuelo,航班延誤了。,hángbān yánwù le.,El vuelo se ha retrasado.,4,HSK4
61eb6829052a,航空,航空,hángkōng,aviation,aviación,他在航空公司工作。,tā zài hángkōng gōngsī gōngzuò.,Él trabaja en una compañía aérea.,4,HSK4
0b6d03e23c26,毫米,毫米,háomǐ,millimeter,milímetro,這個零件只有幾毫米大。,zhè ge língjiàn zhǐyǒu jǐ háomǐ dà.,Esta pieza solo mide unos milímetros.,4,HSK4
f7584d74095b,毫升,毫升,háo shēng,milliliter,mililitro,這瓶水有500毫升。,zhè píng shuǐ yǒu wǔ bǎi háoshēng.,Esta botella tiene 500 mililitros de agua.,4,HSK4
ae7f108ed4cf,好友,好友,hǎo yǒu,friend,buen amigo,他是我的生前好友。,tā shì wǒ de shēngqián hǎoyǒu.,Él era mi buen amigo en vida.,4,HSK4
84e956d1b4df,號碼,号码,hàomǎ,number,número,這是我的電話號碼。,zhè shì wǒ de diànhuà hàomǎ.,Este es mi número de teléfono.,4,HSK4
f9d7d4489bdb,合同,合同,hétong,contract,contrato,我們簽了合約。,wǒmen qiān le hétong.,Firmamos el contrato.,4,HSK4
b53c4e71c630,黑暗,黑暗,hēi àn,dark; darkness; murk,oscuridad,由於停電，房間裡一片黑暗。,"yóuyú tíngdiàn, fángjiān lǐ yīpiàn hēi'àn.","Debido al corte de luz, la habitación estaba en total oscuridad.",4,HSK4
c79c6fd350bb,紅包,红包,hóng bāo,red envelope; red packet,sobre rojo (regalo de dinero),過年時長輩會為晚輩發紅包。,guònián shí zhǎngbèi huì gěi wǎnbèi fā hóngbāo.,"En Año Nuevo, los mayores dan sobres rojos a los jóvenes.",4,HSK4
860cdff4f2ed,後頭,后头,hòu tou,back,detrás / parte trasera,他在房子的後頭種了樹。,tā zài fángzi de hòutou zhòng le shù.,Él plantó árboles en la parte trasera de la casa.,4,HSK4
63030bbd03b8,厚,厚,hòu,thick,grueso,這本書很厚。,zhè běn shū hěn hòu.,Este libro es muy grueso.,4,HSK4
7c1cde88dde9,呼吸,呼吸,hūxī,breathing,respirar,這裡的空氣很清新，深呼吸一下。,"zhèlǐ de kōngqì hěn qīngxīn, shēn hūxī yīxià.","El aire aquí es fresco, respira hondo.",4,HSK4
8df5defd103d,忽視,忽视,hūshì,Ignore,ignorar / descuidar,別忽略細節。,bié hūshì xìjié.,No descuides los detalles.,4,HSK4
78e613121f71,戶,户,hù,household; family; door,puerta / familia / cuenta,這一戶人家很熱情。,zhè yī hù rénjiā hěn rèqíng.,Esta familia es muy hospitalaria.,4,HSK4
d9fdb5cfb007,護士,护士,hùshi,Nurse,enfermera,護士正在照顧病人。,hùshi zhèngzài zhàogù bìngrén.,La enfermera está cuidando al paciente.,4,HSK4
0abd4f5e70c7,花（形）,花（形）,huā multicoloured;,coloured; flowery,florido / gastar,這件衣服太花了。,zhè jiàn yīfu tài huā le.,Esta ropa es demasiado llamativa (estampada).,4,HSK4
c70fc0cc3584,劃,划,huá,"paddle, row",remar / rayar,我們在湖上划船。,wǒmen zài hú shàng huáchuán.,Estamos remando en el lago.,4,HSK4
83ae8d0e62a9,劃,划,huà,"transfer, assign, differenciate",planificar / asignar,這也是計劃的一部分。,zhè yě shì jìhuà de yī bùfèn.,Esto también es parte del plan.,4,HSK4
df603145d9f1,懷念,怀念,huáiniàn,miss,echar de menos / recordar con cariño,我懷念童年的時光。,wǒ huáiniàn tóngnián de shíguāng.,Recuerdo con cariño los tiempos de la infancia.,4,HSK4
b66b231b8205,懷疑,怀疑,huáiyí,doubt,dudar / sospechar,我懷疑他在說謊。,wǒ huáiyí tā zài sāhuǎng.,Sospecho que está mintiendo.,4,HSK4
388546216c4f,緩解,缓解,huǎnjiě,relieve,aliviar,這藥能緩解疼痛。,zhè yào néng huǎnjiě téngtòng.,Esta medicina puede aliviar el dolor.,4,HSK4
7c1ce2ada8dd,黃瓜,黄瓜,huáng guā,cucumber; cuke,pepino,我要買兩根黃瓜。,wǒ yào mǎi liǎng gēn huángguā.,Quiero comprar dos pepinos.,4,HSK4
42f74f94752a,黃金,黄金,huángjīn,gold,oro,黃金價格上漲了。,huángjīn jiàgé shàngzhǎng le.,El precio del oro ha subido.,4,HSK4
d0995feb675c,回覆,回复,huí fù,reply,responder,請盡快回覆郵件。,qǐng jǐnkuài huífù yóujiàn.,"Por favor, responde al correo lo antes posible.",4,HSK4
79f925909240,匯,汇,huì remit;,converge; collection; collected things,remitir / converger,我要去銀行匯錢。,wǒ yào qù yínháng huì qián.,Voy al banco a transferir dinero.,4,HSK4
7d5ea5a29791,彙報,汇报,huìbào,report,informar / reportar,向領導報告工作。,xiàng lǐngdǎo huìbào gōngzuò.,Informar del trabajo al jefe.,4,HSK4
0702f5025c9d,匯率,汇率,huìlǜ,exchange rate,tipo de cambio,今天的匯率是多少？,jīntiān de huìlǜ shì duōshǎo?,¿Cuál es el tipo de cambio de hoy?,4,HSK4
20bbd2dcb005,婚禮,婚礼,hūnlǐ,wedding,boda,他們舉行了盛大的婚禮。,tāmen jǔxíng le shèngdà de hūnlǐ.,Celebraron una gran boda.,4,HSK4
6735f057c15f,火（形）,火（形）,huǒ,fiery; flaming; urgent,popular / enfadado,這部電影很紅。,zhè bù diànyǐng hěn huǒ.,Esta película es muy popular.,4,HSK4
ad9bc4013021,夥,伙,huǒ,partner; partnership,grupo / pandilla,這夥人是做什麼的？,zhè huǒ rén shì gàn shénme de?,¿Qué hace este grupo de gente?,4,HSK4
3ee18012fd6a,夥伴,伙伴,huǒbàn,Partner,compañero / socio,他是我的生意夥伴。,tā shì wǒ de shēngyì huǒbàn.,Él es mi socio de negocios.,4,HSK4
2bab7ac626e2,或許,或许,huòxǔ,maybe; probably,quizás,或許他已經走了。,huòxǔ tā yǐjīng zǒu le.,Quizás él ya se ha ido.,4,HSK4
8d8abdb6162a,貨,货,huò,goods; commodity; money,mercancía,這批貨品質很好。,zhè pī huò zhìliàng hěn hǎo.,La calidad de esta mercancía es muy buena.,4,HSK4
4fa63959b8c8,獲,获,huò obtain;,win; reap; capture; catch,obtener,他不勞而獲。,tā bù láo ér huò.,Él obtiene cosas sin trabajar.,4,HSK4
ad07806a94b8,獲得,获得,huòdé,Get,obtener / ganar,他獲得了冠軍。,tā huòdé le guànjūn.,Él ganó el campeonato.,4,HSK4
688232065f90,獲獎,获奖,huò jiǎng,win a prize; receive an award,ganar un premio,這部影片獲獎了。,zhè bù yǐngpiàn huòjiǎng le.,Esta película ha ganado un premio.,4,HSK4
c1e3fc30b4ef,獲取,获取,huò qǔ,gain; obtain,adquirir,我們要獲取更多的資訊。,wǒmen yào huòqǔ gèng duō de xìnxī.,Debemos adquirir más información.,4,HSK4
b61ed486d801,機構,机构,jīgòu,mechanism,organización / institución,這是一家慈善機構。,zhè shì yī jiā císhàn jīgòu.,Esta es una organización benéfica.,4,HSK4
9179281fd3b5,機遇,机遇,jīyù,Opportunity,oportunidad,這是一次難得的機會。,zhè shì yī cì nándé de jīyù.,Esta es una oportunidad difícil de conseguir.,4,HSK4
76e529abbef2,積累,积累,jīlěi,accumulation,acumular,我們要累積經驗。,wǒmen yào jīlěi jīngyàn.,Debemos acumular experiencia.,4,HSK4
b54fac62f5ff,激動,激动,jīdòng,Excited,emocionado,聽到這個消息，他很激動。,"tīngdào zhè ge xiāoxi, tā hěn jīdòng.","Al oír esta noticia, se emocionó mucho.",4,HSK4
185eddc6a35b,激烈,激烈,jīliè,fierce,intenso / feroz,比賽非常激烈。,bǐsài fēicháng jīliè.,El partido fue muy intenso.,4,HSK4
e729192f1072,及格,及格,jígé,pass,aprobar (examen),這次考試我及格了。,zhè cì kǎoshì wǒ jígé le.,He aprobado este examen.,4,HSK4
c45e5b8fbe19,極其,极其,jíqí,extremely,extremadamente,他極度聰明。,tā jíqí cōngming.,Él es extremadamente inteligente.,4,HSK4
08e7ffe08b21,即將,即将,jíjiāng,soon,estar a punto de,比賽即將開始。,bǐsài jíjiāng kāishǐ.,El partido está a punto de empezar.,4,HSK4
57bcbadafbc4,急忙,急忙,jímáng,Hastily,apresuradamente,他急忙走了。,tā jímáng zǒu le.,Se fue apresuradamente.,4,HSK4
5a15ab5308b0,集合,集合,jíhé,aggregate,reunirse,請大家在操場集合。,qǐng dàjiā zài cāochǎng jíhé.,"Por favor, reúnanse en el patio.",4,HSK4
cbf99471682a,記載,记载,jìzǎi,Record,registrar / registro,歷史上記載了這件事。,lìshǐ shàng jìzǎi le zhè jiàn shì.,La historia ha registrado este evento.,4,HSK4
6828a340102e,紀律,纪律,jìlǜ,discipline,disciplina,我們要遵守紀律。,wǒmen yào zūnshǒu jìlǜ.,Debemos observar la disciplina.,4,HSK4
1282f15a86d7,技巧,技巧,jìqiǎo,Skill,técnica / habilidad,駕駛技巧。,jiàshǐ jìqiǎo.,Técnica de conducción.,4,HSK4
c1a9520cda5c,系,系,xì,department,sistema / departamento,我在中文系學習。,wǒ zài zhōngwén xì xuéxí.,Estudio en el departamento de chino.,4,HSK4
e5f2c999d8e2,季,季,jì,season; period,estación / temporada,一年有四季。,yī nián yǒu sì jì.,El año tiene cuatro estaciones.,4,HSK4
be68290fe80a,季度,季度,jìdù,quarter (of a year),trimestre,這是第三季的報告。,zhè shì dì sān jìdù de bàogào.,Este es el informe del tercer trimestre.,4,HSK4
f23860d54a89,既,既,jì,already; since; as,ya que / tanto... como...,既來之，則安之。,"jì lái zhī, zé ān zhī.","Ya que estamos aquí, quedémonos tranquilos.",4,HSK4
b38174b4262a,既然,既然,jìrán,Since,ya que / puesto que,既然你不想去，那就不去了。,"jìrán nǐ bù xiǎng qù, nà jiù bù qù le.","Puesto que no quieres ir, entonces no vamos.",4,HSK4
b8cf7e235420,寄,寄,jì,send,enviar (correo),我要去寄一封信。,wǒ yào qù jì yī fēng xìn.,Voy a enviar una carta.,4,HSK4
ff1b2caadd51,加班,加班,jiābān,overtime work,hacer horas extra,今天我要加班。,jīntiān wǒ yào jiābān.,Hoy tengo que hacer horas extra.,4,HSK4
f34f430cf837,加入,加入,jiā rù add;,mix; join; become a member,unirse / ingresar,歡迎加入我們的團隊。,huānyíng jiārù wǒmen de tuánduì.,Bienvenido a unirse a nuestro equipo.,4,HSK4
05551a117a21,加油站,加油站,jiāyóuzhàn,Gas station,gasolinera,前面有個加油站。,qiánmian yǒu gè jiāyóuzhàn.,Hay una gasolinera más adelante.,4,HSK4
7741c10315dd,家務,家务,jiāwù,Housework,tareas domésticas,他常幫媽媽做家事。,tā jīngcháng bāng māma zuò jiāwù.,Él ayuda a menudo a su madre con las tareas domésticas.,4,HSK4
82a760e830d6,假如,假如,jiǎrú,If,si / supongamos,如果明天不下雨，我們就去。,"jiǎrú míngtiān bù xiàyǔ, wǒmen jiù qù.","Si mañana no llueve, iremos.",4,HSK4
6fbd56c43741,堅固,坚固,jiāngù,strong,sólido / firme,這座橋很堅固。,zhè zuò qiáo hěn jiāngù.,Este puente es muy sólido.,4,HSK4
e204546f355e,檢測,检测,jiǎn cè,detect; test,detectar / probar,正在進行病毒檢測。,zhèngzài jìnxíng bìngdú jiǎncè.,Se está realizando la detección del virus.,4,HSK4
3e03de70002c,減,减,jiǎn subtract;,reduce; decrease; cut; minus,restar / reducir,五減二等於三。,wǔ jiǎn èr děngyú sān.,Cinco menos dos es igual a tres.,4,HSK4
9f6be32ebf7f,減肥,减肥,jiǎnféi,Reduce weight,perder peso,她正在減肥。,tā zhèngzài jiǎnféi.,Ella está perdiendo peso.,4,HSK4
9355977e18d1,減少,减少,jiǎnshǎo,reduce,reducir / disminuir,我們要減少浪費。,wǒmen yào jiǎnshǎo làngfèi.,Debemos reducir el desperdicio.,4,HSK4
6a9b8a899bcc,簡歷,简历,jiǎnlì,resume,currículum,請投遞你的履歷。,qǐng tóudì nǐ de jiǎnlì.,"Por favor, envía tu currículum.",4,HSK4
d8ab01b03e82,健身,健身,jiànshēn,workout,fitness / ejercicio,他經常去健身房。,tā jīngcháng qù jiànshēnfáng.,Él va a menudo al gimnasio.,4,HSK4
216923218046,漸漸,渐渐,jiàn jiàn,gradually; step by step,gradualmente,天色漸漸暗了。,tiānsè jiànjiàn àn le.,El cielo se oscureció gradualmente.,4,HSK4
ebf0609a9689,江,江,jiāng,river,río (grande),長江是中國最長的河。,chángjiāng shì zhōngguó zuì cháng de hé.,El Yangtsé es el río más largo de China.,4,HSK4
62e4f6c530b2,講究,讲究,jiǎngjiu,"Pay attention to, stress",prestar atención a / exigente,他對穿衣很講究。,tā duì chuānyī hěn jiǎngjiu.,Él es muy exigente con la ropa.,4,HSK4
fd9241891500,講座,讲座,jiǎngzuò,Lecture,conferencia / charla,我去聽了一個講座。,wǒ qù tīng le yī gè jiǎngzuò.,Fui a escuchar una conferencia.,4,HSK4
49585da4f4d4,獎,奖,jiǎng,award; prize; reward,premio,他得了一等獎。,tā dé le yī děng jiǎng.,Ganó el primer premio.,4,HSK4
0304b0487dc5,獎金,奖金,jiǎngjīn,bonus,bonificación,年底有獎金。,niándǐ yǒu jiǎngjīn.,A final de año hay bonificación.,4,HSK4
9762059ff3ec,獎學金,奖学金,jiǎng xué jīn,scholarship; fellowship,beca,他獲得了全額獎學金。,tā huòdé le quán'é jiǎngxuéjīn.,Él obtuvo una beca completa.,4,HSK4
70026126f6fc,降,降,jiàng fall;,drop; descend; come down; lower,bajar / descender,飛機降落在機場。,fēijī jiàngluò zài jīchǎng.,El avión aterrizó en el aeropuerto.,4,HSK4
217bb677cfba,降低,降低,jiàngdī,reduce,reducir / bajar,氣溫降低了。,qìwēn jiàngdī le.,La temperatura ha bajado.,4,HSK4
54877f3d6371,降價,降价,jiàng jià,cut price; reduce price,bajar el precio,商品降價了。,shāngpǐn jiàngjià le.,Los productos han bajado de precio.,4,HSK4
17f3df6274bc,降落,降落,jiàngluò,land,aterrizar,飛機正在降落。,fēijī zhèngzài jiàngluò.,El avión está aterrizando.,4,HSK4
1c7b56b01d2b,降溫,降温,jiàng wēn,lower the temperature; drop in,bajar la temperatura,明天會降溫。,míngtiān huì jiàngwēn.,Mañana bajarán las temperaturas.,4,HSK4
6d26feddc4fc,交換,交换,jiāohuàn,exchange,intercambiar,我們可以交換禮物。,wǒmen kěyǐ jiāohuàn lǐwù.,Podemos intercambiar regalos.,4,HSK4
d0d823273465,交際,交际,jiāojì,communication,comunicación / social,他的交際能力很強。,tā de jiāojì nénglì hěn qiáng.,Su capacidad de comunicación es muy fuerte.,4,HSK4
d1c68538147f,教授,教授,jiàoshòu,professor,profesor (catedrático),他是大學教授。,tā shì dàxué jiàoshòu.,Él es profesor de universidad.,4,HSK4
8551ef4931b7,教訓,教训,jiàoxùn,lesson,lección (moral) / regañar,這是一個深刻的教訓。,zhè shì yī gè shēnkè de jiàoxun.,Esta es una lección profunda.,4,HSK4
dad3cc0b7c0d,階段,阶段,jiēduàn,stage,etapa / fase,我們處於初級階段。,wǒmen chǔyú chūjí jiēduàn.,Estamos en la etapa inicial.,4,HSK4
cfe25710487b,節省,节省,jiéshěng,save,ahorrar,我們要節省用水。,wǒmen yào jiéshěng yòngshuǐ.,Debemos ahorrar agua.,4,HSK4
f2accfd0f24c,結,结,jié,bear; form; knit; knot,nudo / atar,把繩子打個結。,bǎ shéngzi dǎ gè jié.,Haz un nudo en la cuerda.,4,HSK4
0d1ede3faaea,結構,结构,jiégòu,structure,estructura,文章的結構很清晰。,wénzhāng de jiégòu hěn qīngxī.,La estructura del artículo es muy clara.,4,HSK4
01ed2e0d4054,結論,结论,jiélùn,conclusion,conclusión,得出結論。,déchū jiélùn.,Llegar a una conclusión.,4,HSK4
173cc061ffad,姐妹,姐妹,jiě mèi,sisters,hermanas,她們是親姊妹。,tāmen shì qīn jiěmèi.,Ellas son hermanas carnales.,4,HSK4
dbdf9efe7f3d,解釋,解释,jiěshì,explain,explicar,請解釋一下。,qǐng jiěshì yīxià.,"Por favor, explícalo.",4,HSK4
83f9f14a4153,儘快,尽快,jǐnkuài,as soon as possible,lo antes posible,請盡快完成。,qǐng jǐnkuài wánchéng.,"Por favor, termínalo lo antes posible.",4,HSK4
02201d7bdc71,緊密,紧密,jǐn mì,close; inseparable,estrecho / íntimo,我們要緊密合作。,wǒmen yào jǐnmì hézuò.,Debemos cooperar estrechamente.,4,HSK4
85f278340631,盡力,尽力,jìnlì,Try the best,hacer todo lo posible,我會盡力的。,wǒ huì jìnlì de.,Haré todo lo posible.,4,HSK4
e9d6c93f8f81,進口,进口,jìnkǒu,Imported,importar / entrada,這些是進口水果。,zhèxiē shì jìnkǒu shuǐguǒ.,Estas son frutas importadas.,4,HSK4
76437c22177d,近代,近代,jìndài,Modern,tiempos modernos,這是近代歷史。,zhè shì jìndài lìshǐ.,Esta es la historia moderna.,4,HSK4
138f94086cdb,禁止,禁止,jìnzhǐ,prohibit,prohibir,禁止停車。,jìnzhǐ tíngchē.,Prohibido aparcar.,4,HSK4
790b080332e6,經典,经典,jīngdiǎn,classics; scriptures,clásico,這是一部經典電影。,zhè shì yī bù jīngdiǎn diànyǐng.,Esta es una película clásica.,4,HSK4
a0cbee149e31,精力,精力,jīnglì,energy,energía / vigor,他精力充沛。,tā jīnglì chōngpèi.,Él está lleno de energía.,4,HSK4
920ca9e67d12,竟然,竟然,jìngrán,Unexpectedly,inesperadamente,他竟然不知道這件事。,tā jìngrán bù zhīdào zhè jiàn shì.,"Inesperadamente, él no sabía esto.",4,HSK4
e68e5c7b630e,鏡頭,镜头,jìngtóu,Camera lens,lente / toma (cámara),面對鏡頭笑一笑。,miànduì jìngtóu xiào yī xiào.,Sonríe a la cámara.,4,HSK4
70a133acbe49,鏡子,镜子,jìngzi,Mirror,espejo,照照鏡子。,zhào zhao jìngzi.,Mírate en el espejo.,4,HSK4
9aaadaa03d9b,究竟,究竟,jiūjìng,exactly,exactamente / después de todo,你究竟想幹嘛？,nǐ jiūjìng xiǎng gàn shénme?,¿Qué es exactamente lo que quieres hacer?,4,HSK4
fe1c9dee8068,酒吧,酒吧,jiǔbā,Bar,bar,他們去酒吧喝酒了。,tāmen qù jiǔbā hējiǔ le.,Fueron al bar a beber.,4,HSK4
61c7ecf6d8ac,居民,居民,jūmín,residents,residente,這裡的居民很友善。,zhèlǐ de jūmín hěn yǒuhǎo.,Los residentes de aquí son muy amables.,4,HSK4
740c6dd23666,居住,居住,jūzhù,live,residir,他在北京居住多年。,tā zài běijīng jūzhù duōnián.,Él ha residido en Pekín muchos años.,4,HSK4
2ac23a3ab6e7,局（名）,局（名）,jú,bureau; part; portion; innings; gathering,oficina / partida,公安局。,gōng'ānjú.,Oficina de seguridad pública (comisaría).,4,HSK4
d930e846030c,巨大,巨大,jùdà,huge,enorme,取得了巨大成功。,qǔdé le jùdà chénggōng.,Se logró un éxito enorme.,4,HSK4
0b8b78a4e9b4,具備,具备,jùbèi,"Have, possess",poseer / tener (cualidades),他具備領導能力。,tā jùbèi lǐngdǎo nénglì.,Él posee capacidad de liderazgo.,4,HSK4
5548fe5ece2d,距離,距离,jùlí,distance,distancia,距離產生美。,jùlí chǎnshēng měi.,La distancia crea belleza.,4,HSK4
50437d23b1fb,聚,聚,jù,assemble; gather; get together,reunirse,我們聚在一起吃飯。,wǒmen jù zài yīqǐ chīfàn.,Nos reunimos para comer.,4,HSK4
31cd005f9ce6,聚會,聚会,jùhuì,Party,fiesta / reunión,參加聚會。,cānjiā jùhuì.,Asistir a una fiesta.,4,HSK4
a53afdf67395,卷,卷,juǎn,"roll, curly, reel",enrollar / rollo,把地毯捲起來。,bǎ dìtǎn juǎn qǐlái.,Enrolla la alfombra.,4,HSK4
dc0aa2e8a3f4,卷,卷,juàn,volume; file,examen / tomo,把試卷交上來。,bǎ shìjuàn jiāo shànglái.,Entreguen los exámenes.,4,HSK4
e7e16de4752e,角色,角色,juésè,role,papel / rol,他在戲裡扮演什麼角色？,tā zài xì lǐ bànyǎn shénme juésè?,¿Qué papel interpreta él en la obra?,4,HSK4
863ad33b2345,開花,开花,kāi huā,flower; bloom; blossom,florecer,春天來了，花兒開了。,"chūntiān lái le, huār kāi le.","Llegó la primavera, las flores han florecido.",4,HSK4
f9568c9836b6,開水,开水,kāishuǐ,Boiling water,agua hirviendo,請給我一杯開水。,qǐng gěi wǒ yī bēi kāishuǐ.,"Por favor, dame un vaso de agua hirviendo.",4,HSK4
74bf04ef42c1,看不起,看不起,kànbuqǐ,Despise,despreciar,不要看不起窮人。,bùyào kànbuqǐ qióngrén.,No desprecies a los pobres.,4,HSK4
de35250f2439,看來,看来,kàn lái,it seems; it appears,parece que,看來要下雨了。,kànlai yào xiàyǔ le.,Parece que va a llover.,4,HSK4
cc922d26d407,看望,看望,kànwàng,visit,visitar (personas),我要去探望奶奶。,wǒ yào qù kànwàng nǎinai.,Voy a visitar a mi abuela.,4,HSK4
ac863d359499,考察,考察,kǎochá,Investigate,inspeccionar / investigar,去實地考察。,qù shídì kǎochá.,Ir a inspeccionar sobre el terreno.,4,HSK4
1678b88db05d,考慮,考虑,kǎolǜ,Consider,considerar,我會考慮你的建議。,wǒ huì kǎolǜ nǐ de jiànyì.,Consideraré tu sugerencia.,4,HSK4
f607e43e1e1c,棵,棵,kē,Tree (measure word),clasificador (plantas),一棵樹。,yī kē shù.,Un árbol.,4,HSK4
c932ac8d4965,可見,可见,kějiàn,So,es obvio que,由此可見，他是對的。,"yóucǐ kějiàn, tā shì duì de.",Por esto se ve que él tiene razón.,4,HSK4
0330824b968e,空間,空间,kōngjiān,space,espacio,這個房間空間很大。,zhè ge fángjiān kōngjiān hěn dà.,El espacio de esta habitación es muy grande.,4,HSK4
d10b82724343,空,空,kōng,empty,vacío,盒子是空的。,hézi shì kōng de.,La caja está vacía.,4,HSK4
7b8fe686ce8e,口袋,口袋,kǒu dài,pocket,bolsillo,手放在口袋裡。,shǒu fàng zài kǒudài lǐ.,Las manos en los bolsillos.,4,HSK4
011c2c83869b,口語,口语,kǒu yǔ,spoken language,lengua hablada,他的英語口語很好。,tā de yīngyǔ kǒuyǔ hěn hǎo.,Su inglés hablado es muy bueno.,4,HSK4
e9a19806cd03,苦,苦,kǔ,bitter,amargo,這藥太苦了。,zhè yào tài kǔ le.,Esta medicina es demasiado amarga.,4,HSK4
4284e5d8b545,會計,会计,kuàijì,accountant,contable,他是一名會計。,tā shì yī míng kuàijì.,Él es contable.,4,HSK4
19db970e2b80,快遞,快递,kuài dì,express delivery,mensajería express,我收到了一個快遞。,wǒ shōudào le yī gè kuàidì.,He recibido un paquete de mensajería.,4,HSK4
64c3792653a7,寬,宽,kuān,wide,ancho,這條河很寬。,zhè tiáo hé hěn kuān.,Este río es muy ancho.,4,HSK4
b9355d1470ce,寬廣,宽广,kuān guǎng,broad; vast; extensive,amplio,寬廣的草原。,kuānguǎng de cǎoyuán.,Pradera amplia.,4,HSK4
15ca8f5ff600,礦泉水,矿泉水,kuàngquáns huǐ,Mineral water,agua mineral,來一瓶礦泉水。,lái yī píng kuàngquánshuǐ.,Dame una botella de agua mineral.,4,HSK4
d2a7ce335e96,擴大,扩大,kuòdà,Expand,ampliar,我們要擴大生產。,wǒmen yào kuòdà shēngchǎn.,Debemos ampliar la producción.,4,HSK4
1aa53ebcf2cc,擴展,扩展,kuò zhǎn expand;,extend; spread; develop,expandir,擴展業務。,kuòzhǎn yèwù.,Expandir el negocio.,4,HSK4
7c8fa616c222,括號,括号,kuò hào,brackets; parentheses,paréntesis,請填在括號裡。,qǐng tián zài kuòhào lǐ.,"Por favor, rellena en el paréntesis.",4,HSK4
6e2f07e53520,垃圾,垃圾,lā jī,rubbish; garbage; refuse; waste,basura,請把垃圾倒掉。,qǐng bǎ lājī dàodiào.,"Por favor, tira la basura.",4,HSK4
0600de51604a,拉開,拉开,lā kāi,pull open; undraw; zip,abrir (tirando),拉開窗簾。,lākāi chuānglián.,Abre las cortinas.,4,HSK4
e4805a53611f,辣,辣,là,"hot, spicy",picante,這個菜很辣。,zhè ge cài hěn là.,Este plato es muy picante.,4,HSK4
8c6317b53c5a,來不及,来不及,láibují,There's not enough time,no haber tiempo,我們要遲到了，來不及了。,"wǒmen yào chídào le, láibují le.","Vamos a llegar tarde, no hay tiempo.",4,HSK4
3cf09f6927d1,來得及,来得及,láidejí,In time,haber tiempo,別急，還來得及。,"bié jí, hái láidejí.","No te apresures, aún hay tiempo.",4,HSK4
a9008bc7d957,來源,来源,láiyuán,source,fuente / origen,經濟來源。,jīngjì láiyuán.,Fuente de ingresos.,4,HSK4
8003de7e5208,老公,老公,lǎo gōng,husband,marido,我老公在做飯。,wǒ lǎogōng zài zuòfàn.,Mi marido está cocinando.,4,HSK4
fe0148a9668d,老家,老家,lǎo jiā,hometown; home state,pueblo natal,我要回老家過年。,wǒ yào huí lǎojiā guònián.,Voy a volver a mi pueblo natal por Año Nuevo.,4,HSK4
a8cb16bea2b9,老婆,老婆,lǎopó,wife,mujer / esposa,他很愛他老婆。,tā hěn ài tā lǎopo.,Él quiere mucho a su mujer.,4,HSK4
87dd6d80e60b,老實,老实,lǎoshi,honest,honesto / simple,這個人很老實。,zhè ge rén hěn lǎoshi.,Esta persona es muy honesta.,4,HSK4
f8e1f6a9aece,樂趣,乐趣,lèqù,pleasure,placer / diversión,讀書是一種樂趣。,dúshū shì yī zhǒng lèqù.,Leer es un placer.,4,HSK4
04626968a6e4,淚,泪,lèi,tear; teardrop,lágrima,眼中含著淚。,yǎnzhōng hán zhe lèi.,Con lágrimas en los ojos.,4,HSK4
02a7233abddf,淚水,泪水,lèi shuǐ,tear; teardrop,lágrimas,激動的淚水。,jīdòng de lèishuǐ.,Lágrimas de emoción.,4,HSK4
517070c68f7c,類型,类型,lèixíng,type,tipo,我不喜歡這種類型的電影。,wǒ bù xǐhuān zhè zhǒng lèixíng de diànyǐng.,No me gusta este tipo de películas.,4,HSK4
fa9b6aebb56d,冷靜,冷静,lěngjìng,calm down,calmado,請保持冷靜。,qǐng bǎochí lěngjìng.,"Por favor, mantenga la calma.",4,HSK4
d4f055439d35,釐米,厘米,límǐ,centimeter,centímetro,這張紙長20公分。,zhè zhāng zhǐ cháng èrshí límǐ.,Este papel mide 20 centímetros de largo.,4,HSK4
1a6e075b7fa5,離不開,离不开,lí bù kāi,can't do without,inseparable de,我們要離不開水。,wǒmen yào líbukāi shuǐ.,No podemos vivir sin agua.,4,HSK4
3435ea853bdc,力氣,力气,lìqi,Strength,fuerza,我沒力氣了。,wǒ méi lìqi le.,No tengo fuerzas.,4,HSK4
2378be55d9bf,立即,立即,lìjí,immediately,inmediatamente,請立即出發。,qǐng lìjí chūfā.,"Por favor, salga inmediatamente.",4,HSK4
a74e39e03048,利息,利息,lìxī,accrual; interest,interés (bancario),銀行存款的利息很高。,yínháng cúnkuǎn de lìxī hěn gāo.,El interés de los depósitos bancarios es muy alto.,4,HSK4
b292b7abcf4a,利益,利益,lìyì,interest,beneficio / interés,我們要維護共同利益。,wǒmen yào wéihù gòngtóng lìyì.,Debemos proteger nuestros intereses comunes.,4,HSK4
c9b5ec1cd25c,倆,俩,liǎ,Two,dos / ambos,他們倆是兄弟。,tāmen liǎ shì xiōngdì.,Ellos dos son hermanos.,4,HSK4
9e3b752223aa,良好,良好,liánghǎo,good,bueno,養成良好的習慣。,yǎngchéng liánghǎo de xíguàn.,Desarrollar buenos hábitos.,4,HSK4
221fa38e41a0,量,量,liáng,measure; estimate; amount,medir / cantidad,量一下體溫。,liáng yīxià tǐwēn.,Mide la temperatura.,4,HSK4
c83381712d66,糧食,粮食,liángshi,foodstuff,grano / alimento,愛惜糧食。,àixī liángshi.,Aprecia los alimentos.,4,HSK4
4a6b790320eb,兩邊,两边,liǎng biān,both sides,ambos lados,馬路兩邊都有樹。,mǎlù liǎngbiān dōu yǒu shù.,Hay árboles a ambos lados de la carretera.,4,HSK4
a4b2b21eeb0e,療養,疗养,liáo yǎng,recuperate; convalesce,convalecencia / reposo,他在海邊療養。,tā zài hǎibiān liáoyǎng.,Él está de reposo en la costa.,4,HSK4
3f5772024352,了不起,了不起,liǎobuqǐ,Amazing,extraordinario,你真了不起！,nǐ zhēn liǎobuqǐ!,¡Eres realmente extraordinario!,4,HSK4
1ba97d02d156,列,列,liè,arrange; line up; list,fila / columna / clasificador,請排成一列。,qǐng pái chéng yī liè.,"Por favor, formen una fila.",4,HSK4
366a6c42cfba,列車,列车,lièchē,train,tren,列車即將進站。,lièchē jíjiāng jìnzhàn.,El tren está a punto de entrar en la estación.,4,HSK4
8e816dc0e2fa,列入,列入,liè rù,included in,incluir en lista,被列入黑名單。,bèi lièrù hēimíngdān.,Ser incluido en la lista negra.,4,HSK4
8164bf8cfa78,列爲,列为,liè wéi,be classified as; listed as,clasificar como,被列為重點保護對象。,bèi lièwéi zhòngdiǎn bǎohù duìxiàng.,Clasificado como objeto de protección prioritaria.,4,HSK4
5deeab3dd25b,臨時,临时,línshí,temporary,temporal,這是一份臨時工作。,zhè shì yī fèn línshí gōngzuò.,Este es un trabajo temporal.,4,HSK4
5.76E+61,零食,零食,língshí,snacks,snack / aperitivo,少吃零食。,shǎo chī língshí.,Come menos snacks.,4,HSK4
44c0c0bd0dc5,流傳,流传,liúchuán,spread,circular / transmitir,這個故事流傳至今。,zhè ge gùshi liúchuán zhìjīn.,Esta historia se ha transmitido hasta hoy.,4,HSK4
184948ba0532,樓梯,楼梯,lóu tī,stairs; staircase; stairway,escalera,走樓梯上去。,zǒu lóutī shàngqù.,Sube por las escaleras.,4,HSK4
59e79646c7f2,陸地,陆地,lùdì,land,tierra firme,船靠岸了，我們踏上了陸地。,"chuán kàoàn le, wǒmen tàshàng le lùdì.",El barco atracó y pisamos tierra firme.,4,HSK4
5547d6914b9f,陸續,陆续,lùxù,One after another,sucesivamente,客人陸續來了。,kèrén lùxù lái le.,Los invitados fueron llegando sucesivamente.,4,HSK4
2bdf40caecc5,錄取,录取,lùqǔ,matriculate,admitir (escuela),他被這所大學錄取了。,tā bèi zhè suǒ dàxué lùqǔ le.,Él fue admitido en esta universidad.,4,HSK4
adb29565b3a4,律師,律师,lǜshī,Lawyer,abogado,我想請一位律師。,wǒ xiǎng qǐng yī wèi lǜshī.,Quiero contratar a un abogado.,4,HSK4
466ce5aca1ad,輪,轮,lún,wheel; ring; take turns,rueda / turno,輪到你了。,lún dào nǐ le.,Te toca a ti (es tu turno).,4,HSK4
2d57713e0933,輪船,轮船,lúnchuán,Ship,barco de vapor,我們在海上坐輪船。,wǒmen zài hǎishàng zuò lúnchuán.,Vamos en barco por el mar.,4,HSK4
fbeb16c6755b,輪椅,轮椅,lún yǐ,wheelchair,silla de ruedas,他坐在輪椅上。,tā zuò zài lúnyǐ shàng.,Él está sentado en una silla de ruedas.,4,HSK4
88ab5c7036c0,輪子,轮子,lún zi,wheel,rueda,這輛車的輪子壞了。,zhè liàng chē de lúnzi huài le.,La rueda de este coche está rota.,4,HSK4
f87300b34542,論文,论文,lùnwén,paper,tesis / artículo académico,他在寫畢業論文。,tā zài xiě bìyè lùnwén.,Él está escribiendo su tesis de graduación.,4,HSK4
4fe8c03fc2be,落,落,luò fall;,drop; go down; set; decline; drop behind,caer / bajar,太陽落山了。,tàiyáng luòshān le.,El sol se ha puesto.,4,HSK4
72af2ca416c5,毛巾,毛巾,máojīn,Towel,toalla,請給我一條毛巾。,qǐng gěi wǒ yī tiáo máojīn.,"Por favor, dame una toalla.",4,HSK4
1c546ec58864,毛衣,毛衣,máo yī,sweater; wool sweater,suéter,這件毛衣很暖。,zhè jiàn máoyī hěn nuǎnhuo.,Este suéter es muy cálido.,4,HSK4
7feba2fba505,沒錯,没错,méi cuò,that's right,correcto / exacto,沒錯，就是這樣。,"méicuò, jiùshì zhèyàng.","Exacto, es así.",4,HSK4
f9be857881a8,沒法兒,没法儿,méi fǎr,can not; no way,no haber manera,真是沒法兒跟你說。,zhēnshi méifǎr gēn nǐ shuō.,Realmente no hay manera de hablar contigo.,4,HSK4
3d196e4e5267,沒想到,没想到,méi xiǎng dào,didn't expect,inesperado,沒想到你會來。,méixiǎngdào nǐ huì lái.,No esperaba que vinieras.,4,HSK4
a0954d5f873a,美金,美金,měi jīn,USD; dollar,dólar estadounidense,這要多少美金？,zhè yào duōshǎo měijīn?,¿Cuántos dólares cuesta esto?,4,HSK4
2bf0f9697687,美女,美女,měi nǚ belle,; beauty; beautiful woman,mujer guapa,那是個大美女。,nà shì gè dà měinǚ.,Esa es una gran belleza.,4,HSK4
353b8f0602e0,夢,梦,mèng,dream,sueño,我做了一個夢。,wǒ zuò le yī gè mèng.,He tenido un sueño.,4,HSK4
934c7e5d0d85,夢見,梦见,mèng jiàn see,in a dream; dream about; dream,soñar con,我夢見你了。,wǒ mèngjiàn nǐ le.,Soñé contigo.,4,HSK4
6ede74fddf15,夢想,梦想,mèngxiǎng,Dream,sueño (ideal),我的夢想是當醫生。,wǒ de mèngxiǎng shì dāng yī míng yīshēng.,Mi sueño es ser médico.,4,HSK4
611fbee3a8da,祕密,秘密,mìmì,Secret,secreto,這是一個秘密。,zhè shì yī gè mìmì.,Esto es un secreto.,4,HSK4
5df3aae440b8,祕書,秘书,mìshū,secretary,secretario,秘書安排了會議。,mìshū ānpái le huìyì.,El secretario organizó la reunión.,4,HSK4
b96bdd1c47ce,密,密,mì,thick; secret; close; dense,denso / secreto,樹林很密。,shùlín hěn mì.,El bosque es muy denso.,4,HSK4
5590b64b2cf3,密碼,密码,mìmǎ,Password,contraseña,請輸入密碼。,qǐng shūrù mìmǎ.,"Por favor, introduce la contraseña.",4,HSK4
6961f8393b02,密切,密切,mìqiè,close,estrecho / íntimo,我們要保持密切聯繫。,wǒmen yào bǎochí mìqiè liánxì.,Debemos mantener un contacto estrecho.,4,HSK4
8be9d3579762,免費,免费,miǎnfèi,Free of charge,gratis,這是免費的午餐。,zhè shì miǎnfèi de wǔcān.,Este es un almuerzo gratis.,4,HSK4
9e3000649f30,面臨,面临,miànlín,face,enfrentar,我們要面臨挑戰。,wǒmen yào miànlín tiǎozhàn.,Debemos enfrentar el desafío.,4,HSK4
a4128eccaaaa,面試,面试,miàn shì,interview; audition,entrevista,明天我有面試。,míngtiān wǒ yǒu miànshì.,Mañana tengo una entrevista.,4,HSK4
5fb581861c3a,描述,描述,miáo shù,describe; depict; description,describir,請描述一下當時的情景。,qǐng miáoshù yīxià dāngshí de qíngjǐng.,"Por favor, describe la escena en ese momento.",4,HSK4
f7039fc80b5e,描寫,描写,miáoxiě,describe,describir (escritura),這段描寫很生動。,zhè duàn miáoxiě hěn shēngdòng.,Esta descripción es muy vívida.,4,HSK4
209f433f0643,名牌兒,名牌儿,míng páir,famous brand,marca famosa,他穿著名牌兒衣服。,tā chuān zhe míngpáir yīfu.,Él lleva ropa de marca.,4,HSK4
d4ec55487b34,名片,名片,míngpiàn,business card,tarjeta de visita,這是我的名片。,zhè shì wǒ de míngpiàn.,Esta es mi tarjeta de visita.,4,HSK4
739329c16ef8,名人,名人,míng rén,celebrity; famous person,celebridad,他是個名人。,tā shì gè míngrén.,Él es una celebridad.,4,HSK4
1774db10e7dc,摸,摸,mō,feel,tocar,別摸這個。,bié mō zhè ge.,No toques esto.,4,HSK4
55f7ced828c2,模特兒,模特儿,mó tèr,model,modelo,她是一名模特兒。,tā shì yī míng mótèr.,Ella es modelo.,4,HSK4
6b04561fa98d,模型,模型,móxíng,Model,modelo / maqueta,這是飛機的模型。,zhè shì fēijī de móxíng.,Esta es una maqueta de avión.,4,HSK4
50ac5d3c29b5,末,末,mò,end; last; final stage,final / polvo,週末愉快！,zhōumò yúkuài!,¡Buen fin de semana!,4,HSK4
feba8404df70,默默,默默,mòmò,silently,silenciosamente,他默默地離開了。,tā mòmò de líkāi le.,Él se fue silenciosamente.,4,HSK4
f5f8bdd73051,哪怕,哪怕,nǎpà,even if,incluso si,就算下雨，我也要去。,"nǎpà xiàyǔ, wǒ yě yào qù.","Incluso si llueve, iré.",4,HSK4
f6c3354001d4,男女,男女,nán nǚ men,and women; male and female,hombres y mujeres,男女平等。,nánnǚ píngděng.,Igualdad entre hombres y mujeres.,4,HSK4
a7179e66dd37,男士,男士,nán shì,man,caballero / señor,各位女士，各位男士。,"gèwèi nǚshì, gèwèi nánshì.",Señoras y señores.,4,HSK4
e81ceb8aa349,難免,难免,nánmiǎn,Unavoidable,inevitable / difícil de evitar,這也是難免的。,zhè yě shì nánmiǎn de.,Esto también es inevitable.,4,HSK4
2c9563c28c67,腦袋,脑袋,nǎodai,head,cabeza,拍拍腦袋。,pāipāi nǎodai.,Date una palmadita en la cabeza (piensa).,4,HSK4
6a5dbdb8acc2,鬧,闹,nào,noisy; make a noise; suffer; be troubled,ruidoso / alborotar,別鬧了。,bié nào le.,Deja de alborotar.,4,HSK4
1d3cfaf3622b,鬧鐘,闹钟,nào zhōng,alarm clock,despertador,鬧鐘響了。,nàozhōng xiǎng le.,El despertador ha sonado.,4,HSK4
19f725cfe232,內部,内部,nèibù,interior,interno,這是公司內部文件。,zhè shì gōngsī nèibù wénjiàn.,Este es un documento interno de la empresa.,4,HSK4
5ad8bf77e9d1,內科,内科,nèikē,Internal medicine,medicina interna,去內科掛號。,qù nèikē guàhào.,Regístrate en medicina interna.,4,HSK4
c734334784f4,能幹,能干,nénggàn,capable,capaz / competente,他很能幹。,tā hěn nénggàn.,Él es muy capaz.,4,HSK4
69311ce02985,寧靜,宁静,níng jìng,peaceful; tranquil; quiet,tranquilo / sereno,這裡的夜晚很寧靜。,zhèlǐ de yèwǎn hěn níngjìng.,La noche aquí es muy tranquila.,4,HSK4
caa267985190,濃,浓,nóng,strong,espeso / denso / fuerte,這茶太濃了。,zhè chá tài nóng le.,Este té es demasiado fuerte.,4,HSK4
06d889a5d99c,女士,女士,nǚshì,Ma'am,dama / señora,女士優先。,nǚshì yōuxiān.,Las damas primero.,4,HSK4
aec68f982d9c,暖氣,暖气,nuǎn qì,central heating; heating; heater,calefacción,這房間沒有暖氣。,zhè fángjiān méiyǒu nuǎnqì.,Esta habitación no tiene calefacción.,4,HSK4
2b9e3b7a5b11,拍照,拍照,pāi zhào,take a picture; photograph,hacer fotos,我們來拍照吧。,wǒmen lái pāizhào ba.,Vamos a hacernos una foto.,4,HSK4
37ae9f4686df,排列,排列,páiliè,array,ordenar / alinear,按順序排列。,àn shùnxù páiliè.,Ordenar por secuencia.,4,HSK4
7574963c105c,牌,牌,pái,brand; cards; plate; tablet,marca / carta / placa,這是什麼牌子的？,zhè shì shénme páizi de?,¿De qué marca es esto?,4,HSK4
86299113335f,盤（名、量）,盘（名、量）,pán tray;,plate; dish; current price; game; set; (measure word),plato / bandeja,端上一盤水果。,duān shàng yī pán shuǐguǒ.,Sirve un plato de fruta.,4,HSK4
8b7f0bf96687,胖子,胖子,pàng zi,fat person; fatty,gordo (persona),他以前是個胖子。,tā yǐqián shì gè pàngzi.,Él antes era gordo.,4,HSK4
4d64f72e8fb8,培訓,培训,péixùn,Train,formación / entrenamiento,參加崗前培訓。,cānjiā gǎngqián péixùn.,Asistir a la formación previa al empleo.,4,HSK4
c30eb4a70dbf,培訓班,培训班,péi xùn bān,training class,curso de formación,報名參加英語培訓班。,bàomíng cānjiā yīngyǔ péixùn bān.,Inscribirse en un curso de inglés.,4,HSK4
f32d29bad7b6,培養,培养,péiyǎng,culture,cultivar / formar,培養人才。,péiyǎng réncái.,Formar talentos.,4,HSK4
2797af6836a0,培育,培育,péiyù,Cultivation,cultivar / criar,培育新品種。,péiyù xīn pǐnzhǒng.,Cultivar nuevas variedades.,4,HSK4
62654f680870,批（動）,批（动）,pī,criticize; batch,aprobar / criticar,領導批了這個文件。,lǐngdǎo pī le zhè ge wénjiàn.,El jefe aprobó este documento.,4,HSK4
83dbeb9a299b,批（量）,批（量）,pī,(measure word),lote,這一批貨。,zhè yī pī huò.,Este lote de mercancía.,4,HSK4
f9350811c962,片面,片面,piànmiàn,one-sided,unilateral,這種看法很片面。,zhè zhǒng kànfǎ hěn piànmiàn.,Esta opinión es muy unilateral.,4,HSK4
87359a4f650c,品質,品质,pǐnzhì,quality,calidad / carácter,追求卓越品質。,zhuīqiú zhuóyuè pǐnzhì.,Perseguir la excelencia en calidad.,4,HSK4
e2f8415401b3,平方,平方,píngfāng,square,cuadrado (matemáticas),三的平方是九。,sān de píngfāng shì jiǔ.,El cuadrado de tres es nueve.,4,HSK4
b1ab995b1d7b,平靜,平静,píngjìng,calm,tranquilo / calmado,水面很平靜。,shuǐmiàn hěn píngjìng.,La superficie del agua está muy tranquila.,4,HSK4
4603e27bb082,平均,平均,píngjūn,Average,promedio,平均每天工作八小時。,píngjūn měitiān gōngzuò bā xiǎoshí.,Trabajar un promedio de ocho horas al día.,4,HSK4
676bddf82ed6,平穩,平稳,píng wěn,smooth; steady,estable / suave,飛行很平穩。,fēixíng hěn píngwěn.,El vuelo es muy suave.,4,HSK4
1849b5d86c09,迫切,迫切,pòqiè,urgent,urgente,我們需要迫切解決這個問題。,wǒmen xūyào pòqiè jiějué zhè ge wèntí.,Necesitamos resolver este problema urgentemente.,4,HSK4
7d13e873169d,破產,破产,pòchǎn,bankruptcy,bancarrota,公司宣布破產。,gōngsī xuānbù pòchǎn.,La empresa declaró la bancarrota.,4,HSK4
3ae19a9337cc,期待,期待,qīdài,expect; look forward to,esperar con ilusión,我很期待這次旅行。,wǒ hěn qīdài zhè cì lǚxíng.,Espero con ilusión este viaje.,4,HSK4
be6ead8c3572,期間,期间,qījiān,Period,período / durante,春節期間。,chūnjié qījiān.,Durante el Festival de Primavera.,4,HSK4
1d58840c23aa,期末,期末,qī mò,end of term,final del periodo (semestre),期末考。,qīmò kǎoshì.,Examen final.,4,HSK4
4a3c597fa476,期限,期限,qīxiàn,term,plazo,這是最後的期限。,zhè shì zuìhòu de qīxiàn.,Este es el plazo final.,4,HSK4
f59db2e4b209,期中,期中,qī zhōng,midterm,mitad del periodo,期中考。,qīzhōng kǎoshì.,Examen parcial.,4,HSK4
92c499b0df74,其餘,其余,qíyú,Rest,el resto,其餘的人都在這裡。,qíyú de rén dōu zài zhèlǐ.,El resto de la gente está aquí.,4,HSK4
3c1961e8ed74,企業,企业,qǐyè,enterprise,empresa,這是一家外資企業。,zhè shì yī jiā wàizī qǐyè.,Esta es una empresa de capital extranjero.,4,HSK4
9bf75e1f71fe,氣球,气球,qì qiú,balloon,globo,吹氣球。,chuī qìqiú.,Inflar un globo.,4,HSK4
c02a3455c63d,汽水,汽水,qì shuǐ soda;,soda water; aerated water; sparkling water,refresco / gaseosa,喝汽水。,hē qìshuǐ.,Beber refresco.,4,HSK4
548f0264cf3d,汽油,汽油,qìyóu,gasoline,gasolina,加汽油。,jiā qìyóu.,Echar gasolina.,4,HSK4
16888e2a715e,器官,器官,qìguān,organ,órgano,人體器官。,réntǐ qìguān.,Órganos humanos.,4,HSK4
2b12b5b5f2c7,前頭,前头,qián tou,front; thereinbefore,delante,他在前頭走。,tā zài qiántou zǒu.,Él camina delante.,4,HSK4
5aba7f21b4b5,前途,前途,qiántú,future,futuro / perspectiva,前途無量。,qiántú wúliàng.,Futuro prometedor.,4,HSK4
801f5f4fcb24,淺,浅,qiǎn,shallow,poco profundo / claro (color),水很淺。,shuǐ hěn qiǎn.,El agua es poco profunda.,4,HSK4
eb5fe0df9ef5,巧克力,巧克力,qiǎokèlì,Chocolates,chocolate,我愛吃巧克力。,wǒ ài chī qiǎokèlì.,Me encanta el chocolate.,4,HSK4
ff3ee6a65ea3,切,切,qiē,cut,cortar,把菜切碎。,bǎ cài qiē suì.,Pica la verdura.,4,HSK4
f38a49351aa2,親愛,亲爱,qīn'ài,Dear,querido,親愛的朋友。,qīn'ài de péngyou.,Querido amigo.,4,HSK4
8bb21791d675,親密,亲密,qīnmì,close,íntimo,關係親密。,guānxì qīnmì.,Relación íntima.,4,HSK4
760383c9d0f3,青春,青春,qīngchūn,Youth,juventud,青春永駐。,qīngchūn yǒngzhù.,Juventud eterna.,4,HSK4
0ea6638dc915,輕鬆,轻松,qīngsōng,Relaxed,relajado / fácil,感到很輕鬆。,gǎndào hěn qīngsōng.,Sentirse muy relajado.,4,HSK4
bfd34eeb8083,輕易,轻易,qīngyì,easily,fácilmente,不要輕易放棄。,bùyào qīngyì fàngqì.,No te rindas fácilmente.,4,HSK4
ad1cb37a5d6f,清醒,清醒,qīngxǐng,Sober,despierto / sobrio,保持頭腦清醒。,bǎochí tóunǎo qīngxǐng.,Mantén la mente clara.,4,HSK4
7d20e238d18e,情景,情景,qíngjǐng,scene,escena / situación,回憶起當時的情景。,huíyì qǐ dāngshí de qíngjǐng.,Recordar la escena de aquel momento.,4,HSK4
69646de71137,窮,穷,qióng,poor,pobre,他家很窮。,tā jiā hěn qióng.,Su familia es muy pobre.,4,HSK4
87d063e202da,窮人,穷人,qióng rén,poor people; the poor,pobre (persona),幫助窮人。,bāngzhù qióngrén.,Ayudar a los pobres.,4,HSK4
8cfbab1b4e34,秋季,秋季,qiū jì,autumn; fall,temporada de otoño,秋季是收穫的季節。,qiūjì shì shōuhuò de jìjié.,El otoño es la estación de la cosecha.,4,HSK4
e6f0319db135,趨勢,趋势,qūshì,trend,tendencia,發展趨勢。,fāzhǎn qūshì.,Tendencia de desarrollo.,4,HSK4
195c0886d10d,圈,圈,quān,circle,círculo / vuelta,跑了一圈。,pǎo le yī quān.,Corrió una vuelta.,4,HSK4
0b70e19ce328,權利,权利,quánlì,Right,derecho,這是你的權利。,zhè shì nǐ de quánlì.,Este es tu derecho.,4,HSK4
5034b20865f0,卻,却,què,but,pero / sin embargo,我想去，卻去不了。,"wǒ xiǎng qù, què qùbuliǎo.","Quiero ir, pero no puedo.",4,HSK4
45fe1ccf4cbc,確認,确认,quèrèn,confirm,confirmar,請確認訂單。,qǐng quèrèn dìngdān.,"Por favor, confirma el pedido.",4,HSK4
ff9b202e6de8,然而,然而,rán'ér,however,sin embargo,雖然很累，然而很高興。,"suīrán hěn lèi, rán'ér hěn gāoxìng.","Aunque cansado, sin embargo muy contento.",4,HSK4
9d610d1b198f,燃料,燃料,rán liào,fuel,combustible,節省燃料。,jiéshěng ránliào.,Ahorrar combustible.,4,HSK4
db2643e0b149,燃燒,燃烧,ránshāo,burning,arder / quemar,火焰在燃燒。,huǒyàn zài ránshāo.,La llama está ardiendo.,4,HSK4
cc05423e57ce,熱鬧,热闹,rènao,lively,animado / bullicioso,這裡很熱鬧。,zhèlǐ hěn rènao.,Aquí hay mucho ambiente.,4,HSK4
04d0908fea80,熱心,热心,rèxīn,enthusiastic,entusiasta / servicial,他是個熱心腸。,tā shì gè rèxīncháng.,Él es una persona muy servicial.,4,HSK4
3c09ba05ae9a,人家,人家,rénjiā,family,otra gente / familia,別管人家怎麼說。,biéguǎn rénjia zěnme shuō.,No te preocupes por lo que digan los demás.,4,HSK4
04cd0f77c331,日記,日记,rìjì,diary,diario,寫日記。,xiě rìjì.,Escribir un diario.,4,HSK4
5911c7827b83,日曆,日历,rìlì,calendar,calendario,看日曆。,kàn rìlì.,Mirar el calendario.,4,HSK4
eed6b86fa409,如今,如今,rújīn,nowadays,hoy en día,如今的生活變好了。,rújīn de shēnghuó biàn hǎo le.,La vida hoy en día ha mejorado.,4,HSK4
1393665cec12,弱,弱,ruò,weak,débil,身體很弱。,shēntǐ hěn ruò.,El cuerpo está muy débil.,4,HSK4
e39f030b0d0a,散,散,sàn,break up; disperse; distribute; disseminate; give out,dispersar / suelto,會議散了。,huèiyì sàn le.,La reunión se dispersó.,4,HSK4
c347fe28e6b0,掃,扫,sǎo,sweep; broom,barrer,掃地。,sǎo dì.,Barrer el suelo.,4,HSK4
5a0c89937e05,色,色,sè colour;,look; expression; scene; quality,color,五顏六色。,wǔyánliùsè.,De muchos colores.,4,HSK4
555f91b9b74a,色彩,色彩,sècǎi,color,colorido,色彩鮮豔。,sècǎi xiānyàn.,Colores vivos.,4,HSK4
dc8ca8433c23,森林,森林,sēnlín,Forest,bosque,走進森林。,zǒujìn sēnlín.,Adentrarse en el bosque.,4,HSK4
f69c47cb1621,曬,晒,shài,The sun,tomar el sol / secar al sol,曬太陽。,shài tàiyáng.,Tomar el sol.,4,HSK4
b545eedfb9b0,閃,闪,shǎn dodge;,get out of the way; sprain; flash; sparkle; shine; lightning,destellar / esquivar,星星在閃。,xīngxing zài shǎn.,Las estrellas parpadean.,4,HSK4
1625cce8d872,閃電,闪电,shǎndiàn,lightning,relámpago,打雷閃電。,dǎléi shǎndiàn.,Truenos y relámpagos.,4,HSK4
b3959ea678cd,善良,善良,shànliáng,kind; virtuous,bondadoso,他是一個善良的人。,tā shì yī gè shànliáng de rén.,Él es una persona bondadosa.,4,HSK4
6f5fdd5f5c69,善於,善于,shànyú,be good at,ser bueno en,他善於交際。,tā shànyú jiāojì.,Él es bueno relacionándose.,4,HSK4
69e7157b8f96,傷害,伤害,shānghài,hurt,herir / daño,不要傷害別人。,bùyào shānghài biérén.,No hagas daño a los demás.,4,HSK4
29207ceb2907,商務,商务,shāngwù,business,negocios,這是商務艙。,zhè shì shāngwù cāng.,Esta es la clase business.,4,HSK4
f6bcc59c448a,賞,赏,shǎng,award; appreciate; reward,admirar / recompensar,我們去賞月吧。,wǒmen qù shǎngyuè ba.,Vamos a admirar la luna.,4,HSK4
d95add20c95b,上個月,上个月,shàng gè yu è,last month,el mes pasado,我上個月去了北京。,wǒ shàng gè yuè qù le běijīng.,El mes pasado fui a Pekín.,4,HSK4
5c836164b724,上樓,上楼,shàng lóu,go upstairs,subir las escaleras,我們上樓去看看。,wǒmen shànglóu qù kànkan.,Subamos a ver.,4,HSK4
674bafd2285c,上門,上门,shàng mén,drop in; visit,visitar (a domicilio),提供上門服務。,tígōng shàngmén fúwù.,Ofrecer servicio a domicilio.,4,HSK4
2a1596279ec7,燒,烧,shāo burn;,cook; bake; roast; run a fever,quemar / cocinar / fiebre,他在發燒。,tā zài fāshāo.,Él tiene fiebre.,4,HSK4
65900626026a,設施,设施,shèshī,facilities,instalaciones,這裡的設施很完善。,zhèlǐ de shèshī hěn wánshàn.,Las instalaciones aquí son muy completas.,4,HSK4
630767fce4a7,設置,设置,shèzhì,Set up,configurar / establecer,請設定鬧鐘。,qǐng shèzhì nàozhōng.,"Por favor, configura el despertador.",4,HSK4
7395e859a219,申請,申请,shēnqǐng,Apply,solicitar,我要申請獎學金。,wǒ yào shēnqǐng jiǎngxuéjīn.,Quiero solicitar una beca.,4,HSK4
2a78aa3883cb,身材,身材,shēncái,figure,figura (cuerpo),她的身材很好。,tā de shēncái hěn hǎo.,Ella tiene muy buena figura.,4,HSK4
48b331272ef9,身份,身份,shēnfèn,identity,identidad / estatus,請出示身分證。,qǐng chūshì shēnfènzhèng.,"Por favor, muestre su documento de identidad.",4,HSK4
982104770971,身高,身高,shēn gāo,height,estatura,你的身高是多少？,nǐ de shēngāo shì duōshǎo?,¿Cuál es tu estatura?,4,HSK4
aefc6d58094e,深厚,深厚,shēn hòu deep;,profound; solid; deep-seated,profundo (sentimiento),他們有著深厚的友誼。,tāmen yǒuzhe shēnhòu de yǒuyì.,Ellos tienen una profunda amistad.,4,HSK4
ea0a1f5822dc,神話,神话,shénhuà,Myth,mito,這是一個古老的神話。,zhè shì yī gè gǔlǎo de shénhuà.,Este es un mito antiguo.,4,HSK4
fc68bcf45f85,神祕,神秘,shénmì,mysterious,misterioso,他看起來很神秘。,tā kàn qǐlái hěn shénmì.,Él parece muy misterioso.,4,HSK4
4e30e45256a5,甚至,甚至,shènzhì,Even to the extent that,incluso,他甚至不知道我的名字。,tā shènzhì bù zhīdào wǒ de míngzi.,Incluso no sabe mi nombre.,4,HSK4
d518211d573c,失敗,失败,shībài,fail,fracaso / fallar,失敗是成功之母。,shībài shì chénggōng zhī mǔ.,El fracaso es la madre del éxito.,4,HSK4
436356dc7c7d,失望,失望,shīwàng,Disappointment,decepcionado,我對你很失望。,wǒ duì nǐ hěn shīwàng.,Estoy muy decepcionado contigo.,4,HSK4
fba23d6938df,失業,失业,shīyè,Unemployment,desempleo,他失業了。,tā shīyè le.,Él está desempleado.,4,HSK4
a460f0fa6a2f,詩,诗,shī,poetry,poema,他寫了一首詩。,tā xiě le yī shǒu shī.,Él escribió un poema.,4,HSK4
2a21a5ca9716,詩人,诗人,shī rén,poet,poeta,李白是一位著名的詩人。,lǐ bái shì zhùmíng de shīrén.,Li Bai es un famoso poeta.,4,HSK4
ce8db4874d01,溼,湿,shī,wet; damp; humid,mojado,我的衣服濕了。,wǒ de yīfu shī le.,Mi ropa está mojada.,4,HSK4
757679311ace,實施,实施,shíshī,Implementation,implementar,這項計劃已經開始實施。,zhè xiàng jìhuà yǐjīng kāishǐ shíshī.,Este plan ya ha comenzado a implementarse.,4,HSK4
f81e2202b633,實用,实用,shíyòng,Practical,práctico,這本書很實用。,zhè běn shū hěn shíyòng.,Este libro es muy práctico.,4,HSK4
d9ee8904ce78,食堂,食堂,shí táng dining,room; mess hall; canteen,comedor (cantina),我們在食堂吃飯。,wǒmen zài shítáng chīfàn.,Comemos en la cantina.,4,HSK4
43b001331298,使勁,使劲,shǐ jìn exert,all one's strength; put in energy,hacer fuerza,再使勁一點。,zài shǐjìn yīdiǎn.,Haz un poco más de fuerza.,4,HSK4
bbc87b36e97c,士兵,士兵,shìbīng,soldiers,soldado,士兵們正在訓練。,shìbīng men zhèngzài xùnliàn.,Los soldados están entrenando.,4,HSK4
6f7f06a90fd3,市區,市区,shì qū,downtown area; urban district,centro urbano,我家住在市區。,wǒ jiā zhù zài shìqū.,Vivo en el centro de la ciudad.,4,HSK4
47a41532a0a2,似的,似的,shìde,Like,parece que / como si,他好像生病了似的。,tā hǎoxiàng shēngbìng le shìde.,Parece como si estuviera enfermo.,4,HSK4
2538bbfbb75a,事物,事物,shìwù,Thing,cosa / objeto,我們要接受新鮮事物。,wǒmen yào jiēshòu xīnxiān shìwù.,Debemos aceptar cosas nuevas.,4,HSK4
041b4c24d795,事先,事先,shìxiān,Prior,de antemano,你應該事先告訴我。,nǐ yīnggāi shìxiān gàosu wǒ.,Deberías habérmelo dicho de antemano.,4,HSK4
350ab5756812,試卷,试卷,shìjuàn,test paper,examen (papel),交試卷。,jiāo shìjuàn.,Entregar el examen.,4,HSK4
5b5e50531001,是否,是否,shìfǒu,Whether,si (pregunta),不論是否成功，都要努力。,"bùlùn shìfǒu chénggōng, dōu yào nǔlì.","Independientemente de si tienes éxito o no, debes esforzarte.",4,HSK4
0eb26286f344,收回,收回,shōu huí withdraw;,regain; call in; countermand,retirar / recuperar,我收回剛才的話。,wǒ shōuhuí gāngcái de huà.,Retiro lo que acabo de decir.,4,HSK4
46fa61ae15d5,收穫,收获,shōuhuò,Harvest,cosecha / ganancia,這次旅行收穫很大。,zhè cì lǚxíng shōuhuò hěn dà.,He ganado mucho con este viaje.,4,HSK4
d83c1278d58c,收益,收益,shōuyì,income; profit,beneficio / ganancia,投資收益不錯。,tóuzī shōuyì bùcuò.,Los beneficios de la inversión son buenos.,4,HSK4
306231abc8f9,手工,手工,shǒugōng,manual,manual / hecho a mano,這是手工製作的。,zhè shì shǒugōng zhìzuò de.,Esto está hecho a mano.,4,HSK4
ac1c644fdece,手裏,手里,shǒu lǐ,in one's hands,en la mano,他手裡拿著一本書。,tā shǒulǐ ná zhe yī běn shū.,Él tiene un libro en la mano.,4,HSK4
955c394e6e58,手術,手术,shǒushù,Operation,operación (cirugía),他要做手術。,tā yào zuò shǒushù.,Él tiene que operarse.,4,HSK4
5336e2ed2399,手套,手套,shǒutào,glove,guantes,戴上手套。,dài shàng shǒutào.,Ponte los guantes.,4,HSK4
3c38da1d8639,守,守,shǒu,guard; defend; observe,proteger / guardar,我們要守信用。,wǒmen yào shǒu xìnyòng.,Debemos cumplir nuestra palabra.,4,HSK4
bb12e721cd30,首（量）,首（量）,shǒu,(measure word),clasificador (poemas/canciones),一首詩。,yī shǒu shī.,Un poema.,4,HSK4
0cac7a011eb3,受不了,受不了,shòubuliǎo,Cannot bear sth,no poder soportar,我受不了這種天氣。,wǒ shòubuliǎo zhè zhǒng tiānqì.,No soporto este clima.,4,HSK4
b8d3a381000a,售貨員,售货员,shòuhuòyuá n,Salesperson,vendedor,我是商場的售貨員。,wǒ shì shāngchǎng de shòuhuòyuán.,Soy vendedor del centro comercial.,4,HSK4
d7aeb8218443,舒適,舒适,shūshì,Comfortable,cómodo,這裡的環境很舒適。,zhèlǐ de huánjìng hěn shūshì.,El ambiente aquí es muy cómodo.,4,HSK4
96843634c332,熟練,熟练,shúliàn,skilled,hábil / experto,他的技術很熟練。,tā de jìshù hěn shúliàn.,Su técnica es muy hábil.,4,HSK4
394a246002f0,暑假,暑假,shǔ jià,summer vacation,vacaciones de verano,暑假我想去旅遊。,shǔjià wǒ xiǎng qù lǚyóu.,En las vacaciones de verano quiero ir de viaje.,4,HSK4
76e743ff7aa3,樹林,树林,shù lín,wood; grove; forest,bosque / arboleda,穿過那片樹林。,chuānguò nà piàn shùlín.,Cruza esa arboleda.,4,HSK4
39429711cca2,樹葉,树叶,shù yè,leaf; tree leaf,hoja (árbol),秋天樹葉變黃了。,qiūtiān shùyè biàn huáng le.,En otoño las hojas se vuelven amarillas.,4,HSK4
d2f79069115e,數據,数据,shùjù,data,datos,這些數據很重要。,zhèxiē shùjù hěn zhòngyào.,Estos datos son muy importantes.,4,HSK4
f01894361547,數碼,数码,shùmǎ,Digital,digital,數位相機.,shùmǎ xiàngjī.,Cámara digital.,4,HSK4
c00ab180af92,刷,刷,shuā,brush; scrub; paste up,cepillar,刷牙。,shuā yá.,Lavarse los dientes.,4,HSK4
46639b633bd1,刷子,刷子,shuā zi,brush; scrub,cepillo,用刷子刷一下。,yòng shuāzi shuā yīxià.,Cepíllalo con un cepillo.,4,HSK4
4c6ce6bc50b2,帥,帅,shuài,Handsome,guapo,他長得很帥。,tā zhǎng de hěn shuài.,Él es muy guapo.,4,HSK4
9687ff0eddfc,帥哥,帅哥,shuài gē,handsome boy,chico guapo,嗨，帥哥！,"hāi, shuàigē!","¡Hola, guapo!",4,HSK4
a7463c94e3f6,率先,率先,shuài xiān,lead; take the lead,tomar la iniciativa / primero,他率先完成了任務。,tā shuàixiān wánchéng le rènwu.,Él fue el primero en terminar la tarea.,4,HSK4
63dbf1586615,睡着,睡着,shuì zháo,sleep; fall asleep,dormirse,我很快就睡著了。,wǒ hěn kuài jiù shuìzháo le.,Me dormí muy rápido.,4,HSK4
52602cdab550,順序,顺序,shùnxù,order,orden / secuencia,按順序排隊。,àn shùnxù páiduì.,Hacer cola por orden.,4,HSK4
0db0d3033efb,說不定,说不定,shuōbudìng,maybe,quizás / tal vez,他說不定已經走了。,tā shuōbudìng yǐjīng zǒu le.,Quizás ya se haya ido.,4,HSK4
9a5f1fe0959a,說服,说服,shuōfú,Persuade,convencer,我終於說服他了。,wǒ zhōngyú shuōfú le tā.,Finalmente lo convencí.,4,HSK4
05efd5efc457,思考,思考,sīkǎo,Reflection,pensar / reflexionar,這是一個值得思考的問題。,zhè shì yī gè zhídé sīkǎo de wèntí.,Este es un problema que merece reflexión.,4,HSK4
25c209bc7db5,似乎,似乎,sìhū,It seems that,parece que,似乎有人在敲門。,sìhū yǒurén zài qiāomén.,Parece que alguien está llamando a la puerta.,4,HSK4
a195e21972fa,松,松,sōng,pine; loose; slack; loosen; relax; slacken,suelto / pino,這根繩子太鬆了。,zhè gēn shéngzi tài sōng le.,Esta cuerda está demasiado floja.,4,HSK4
c8d208284599,松樹,松树,sōng shù,pine tree; pine,pino,院子裡有一棵松樹。,yuànzi lǐ yǒu yī kē sōngshù.,En el patio hay un pino.,4,HSK4
3c32fa23968c,塑料,塑料,sù liào,plastic,plástico,這是塑膠做的。,zhè shì sùliào zuò de.,Esto está hecho de plástico.,4,HSK4
bc03ec6cc0a7,塑料袋,塑料袋,sùliàodài,Plastic bag,bolsa de plástico,請給我一個塑膠袋。,qǐng gěi wǒ yī gè sùliàodài.,"Por favor, dame una bolsa de plástico.",4,HSK4
dcae6f85f73d,酸,酸,suān,acid,ácido,這蘋果有點酸。,zhè píngguǒ yǒudiǎn suān.,Esta manzana está un poco ácida.,4,HSK4
798d7296d8de,酸奶,酸奶,suān nǎi,yogurt,yogur,我喜歡喝優格。,wǒ xǐhuān hē suānnǎi.,Me gusta beber yogur.,4,HSK4
baf9c32461b0,隨手,随手,suíshǒu,Readily,al paso / casualmente,隨手關燈。,suíshǒu guāndēng.,Apaga la luz al salir (cuando pases).,4,HSK4
6ce50a92a9d8,孫女,孙女,sūn nǚ,granddaughter,nieta,這是我的孫女。,zhè shì wǒ de sūnnǚ.,Esta es mi nieta.,4,HSK4
8b13897dcd6e,孫子,孙子,sūnzi,Grandson,nieto,我有兩個孫子。,wǒ yǒu liǎng gè sūnzi.,Tengo dos nietos.,4,HSK4
a86770198e73,縮短,缩短,suōduǎn,Shorten,acortar,時間縮短了。,shíjiān suōduǎn le.,El tiempo se ha acortado.,4,HSK4
25096f2a9b27,縮小,缩小,suō xiǎo reduce;,lessen; narrow; shrink; zoom out,reducir / encoger,範圍縮小了。,fànwéi suōxiǎo le.,El alcance se ha reducido.,4,HSK4
afcc92b81d6e,臺階,台阶,táijiē,Steps,escalón,小心台階。,xiǎoxīn táijiē.,Cuidado con el escalón.,4,HSK4
952c4f7e4d0a,臺上,台上,tái shàng,on the stage,en el escenario,他在台上演講。,tā zài táishàng yǎnjiǎng.,Él está dando un discurso en el escenario.,4,HSK4
b5b7d02bcd97,躺,躺,tǎng,lie,tumbarse,躺在床上。,tǎng zài chuáng shàng.,Tumbado en la cama.,4,HSK4
ade2d898315b,套餐,套餐,tào cān,set meal,menú (comida),我要一份套餐。,wǒ yào yī fèn tàocān.,Quiero un menú.,4,HSK4
0ade07236821,特價,特价,tè jià,special offer; bargain price,precio especial,今天特價優惠。,jīntiān tèjià yōuhuì.,Hoy hay oferta especial.,4,HSK4
a9751dc0e5f6,特殊,特殊,tèshū,special,especial,這是特殊情況。,zhè shì tèshū qíngkuàng.,Esta es una situación especial.,4,HSK4
66b516c4ff9d,特徵,特征,tèzhēng,Features,característica,這是這種動物的特徵。,zhè shì zhè zhǒng dòngwù de tèzhēng.,Esta es una característica de este animal.,4,HSK4
7978a8d57e98,提供,提供,tígōng,provide,proporcionar,我們為您提供優質服務。,wǒmen wèi nín tígōng yōuzhì fúwù.,Le proporcionamos un servicio de calidad.,4,HSK4
315ea8f5f032,提醒,提醒,tíxǐng,remind,recordar / advertir,謝謝你的提醒。,xièxie nǐ de tíxǐng.,Gracias por tu recordatorio.,4,HSK4
5a2c0f50db6d,體操,体操,tǐ cāo,gymnastics,gimnasia,他在練體操。,tā zài liàn tǐcāo.,Él está practicando gimnasia.,4,HSK4
77a9f9083feb,體檢,体检,tǐ jiǎn,physical examination,chequeo médico,每年做一次體檢。,měinián zuò yī cì tǐjiǎn.,Hacerse un chequeo médico una vez al año.,4,HSK4
02d5c544193e,體重,体重,tǐ zhòng,body weight,peso corporal,我在控制體重。,wǒ zài kòngzhì tǐzhòng.,Estoy controlando mi peso.,4,HSK4
12f2ba05b22f,替,替,tì replace;,substitute; take the place of; for; on behalf of,reemplazar / por,你能替我一下嗎？,nǐ néng tì wǒ yīxià ma?,¿Puedes reemplazarme un momento?,4,HSK4
95b1553835f3,替代,替代,tì dài,replace; substitute,sustituir,用這種材料取代那種。,yòng zhè zhǒng cáiliào tìdài nà zhǒng.,Sustituir ese material por este.,4,HSK4
abc6152bc5ce,天真,天真,tiānzhēn,naive,inocente / ingenuo,這孩子很天真。,zhè háizi hěn tiānzhēn.,Este niño es muy inocente.,4,HSK4
0086a2dfa2f8,填,填,tián,fill; stuff; fill in; write,rellenar,請填這張表。,qǐng tián zhè zhāng biǎo.,"Por favor, rellena este formulario.",4,HSK4
b7f9156e5049,填空,填空,tiánkòng,Fill in the blanks,rellenar huecos,這是一個填空題。,zhè shì yī gè tiánkòng tí.,Este es un ejercicio de rellenar huecos.,4,HSK4
392b54dde256,挑,挑,tiāo,choose; pick; select,escoger,挑一個你喜歡的。,tiāo yī gè nǐ xǐhuān de.,Escoge uno que te guste.,4,HSK4
b4201ff20964,挑選,挑选,tiāo xuǎn,pick; choose; select; pick out,seleccionar,精心挑選。,jīngxīn tiāoxuǎn.,Seleccionar cuidadosamente.,4,HSK4
090ce8269771,調皮,调皮,tiáopí,naughty,travieso,這個孩子很調皮。,zhè ge háizi hěn tiáopí.,Este niño es muy travieso.,4,HSK4
1a5aae421651,挑,挑,tiǎo,lift up; raise; prick; incite,escoger,挑一個你喜歡的。,tiāo yī gè nǐ xǐhuān de.,Escoge uno que te guste.,4,HSK4
658bbdc795e1,挑戰,挑战,tiǎozhàn,Dekaron,desafío,我要接受挑戰。,wǒ yào jiēshòu tiǎozhàn.,Voy a aceptar el desafío.,4,HSK4
f6d6d1e54369,貼,贴,tiē stick;,paste; glue; nestle up to; keep close to,pegar,把畫貼在牆上。,bǎ huà tiē zài qiáng shàng.,Pega el dibujo en la pared.,4,HSK4
0ae967893fae,停下,停下,tíng xià,stop,detenerse,車停了下來。,chē tíng xià le.,El coche se detuvo.,4,HSK4
1ed06ef1c0c4,挺（動）,挺（动）,tǐng stand;,hold out; endure; stick out,soportar / enderezar,挺起胸膛。,tǐng qǐ xiōngtáng.,Saca pecho.,4,HSK4
c19f394e2399,通知書,通知书,tōng zhī shū,notice,aviso / notificación (carta),錄取通知書。,lùqǔ tōngzhīshū.,Carta de admisión.,4,HSK4
67393c77d689,同情,同情,tóngqíng,Sympathy,simpatizar / compadecer,我很同情他的遭遇。,wǒ hěn tóngqíng tā de zāoyù.,Compadezco mucho su situación.,4,HSK4
b32350720d37,童話,童话,tónghuà,fairy tale,cuento de hadas,我在跟孩子講童話故事。,wǒ zài gěi háizi jiǎng tónghuà gùshi.,Le estoy contando un cuento de hadas al niño.,4,HSK4
7cd2eccad814,童年,童年,tóng nián,childhood; babyhood,infancia,我的童年很快樂。,wǒ de tóngnián hěn kuàilè.,Mi infancia fue muy feliz.,4,HSK4
14ac9bc77b20,統計,统计,tǒngjì,Statistics,estadística / contar,據統計。,jù tǒngjì.,Según las estadísticas.,4,HSK4
cdc20b9de325,統一,统一,tǒngyī,Unified,unificar / unificado,我們要統一思想。,wǒmen yào tǒngyī sīxiǎng.,Debemos unificar el pensamiento.,4,HSK4
18a13415281b,痛快,痛快,"tòngkuài Happy,",to one`s heart`s content,alegre / directo / a gusto,心裡很痛快。,xīnlǐ hěn tòngkuài.,Me siento muy a gusto.,4,HSK4
7c2abc118c17,投,投,tóu throw;,fling; hurl; cast; drop; put in; send; go to,lanzar / echar,把信投進信箱。,bǎ xìn tóu jìn yóuxiāng.,Echa la carta al buzón.,4,HSK4
8529122c8a14,投入,投入,tóurù,put into,dedicar / invertir,他全心投入工作。,tā quánxīn tóurù gōngzuò.,Él se dedicó de lleno al trabajo.,4,HSK4
cd97f6196f23,投訴,投诉,tóusù,complaint,quejarse / reclamar,我要投訴。,wǒ yào tóusù.,Quiero poner una reclamación.,4,HSK4
b5005144c5fc,投資,投资,tóuzī,Investment,inversión,這是一個好的投資機會。,zhè shì yī gè hǎo de tóuzī jīhuì.,Esta es una buena oportunidad de inversión.,4,HSK4
e5894f4e1d4e,透,透,tòu penetrate;,pass through; tell secretly; show; through,traspasar / a fondo,衣服濕透了。,yīfu shī tòu le.,La ropa está empapada.,4,HSK4
9655c06bb8a7,透明,透明,tòumíng,transparent,transparente,這塊玻璃是透明的。,zhè kuài bōli shì tòumíng de.,Este cristal es transparente.,4,HSK4
0eae7d0e17a7,圖案,图案,tú'àn,pattern,patrón / diseño,這個圖案很漂亮。,zhè ge tú'àn hěn piàoliang.,Este diseño es muy bonito.,4,HSK4
aee8229bae4e,途中,途中,tú zhōng,on the way to; en route,en el camino,在回家的途中。,zài huíjiā de túzhōng.,En el camino a casa.,4,HSK4
826a51afe947,土地,土地,tǔdì,land,tierra / terreno,這也是一片肥沃的土地。,zhè yě shì yī piàn féiwò de tǔdì.,Esta también es una tierra fértil.,4,HSK4
e0396b271be0,推遲,推迟,tuīchí,delay,posponer,會議推遲了。,huèiyì tuīchí le.,La reunión se ha pospuesto.,4,HSK4
71a6a492c575,推銷,推销,tuīxiāo,promote sales,promocionar (ventas),推銷產品。,tuīxiāo chǎnpǐn.,Promocionar productos.,4,HSK4
30eda18c442c,脫,脱,tuō,take off,quitarse (ropa),進屋請脫鞋。,jìn wū qǐng tuō xié.,"Por favor, quítese los zapatos al entrar.",4,HSK4
a40201b4155c,襪子,袜子,wàzi,Socks,calcetines,穿上一雙襪子。,chuān shàng yī shuāng wàzi.,Ponte un par de calcetines.,4,HSK4
18f0ffd82c41,外匯,外汇,wài huì foreign,exchange; foreign currency,divisa extranjera,外匯存底.,wàihuì chǔbèi.,Reservas de divisas.,4,HSK4
938adc63891b,外交官,外交官,wài jiāo guān,diplomat; diplomatist,diplomático,他是一名外交官。,tā shì yī míng wàijiāoguān.,Él es diplomático.,4,HSK4
c51b74e3c883,外套,外套,wài tào,coat,abrigo / chaqueta,穿上外套，外面冷。,"chuān shàng wàitào, wàimiàn lěng.","Ponte el abrigo, fuera hace frío.",4,HSK4
201e6dd925bc,彎,弯,wān,curved; bend; turn; crooked,curvo / doblar,把鐵絲彎一下。,bǎ tiěsī wān yīxià.,Dobla el alambre.,4,HSK4
37d6f490116c,晚點,晚点,wǎn diǎn,late; behind schedule,retrasarse,火車晚點了。,huǒchē wǎndiǎn le.,El tren se ha retrasado.,4,HSK4
5878112ada24,萬一,万一,wànyī,In case,por si acaso,帶上傘，萬一下雨呢。,"dài shàng sǎn, wànyī xiàyǔ ne.","Lleva el paraguas, por si acaso llueve.",4,HSK4
76f9988ccfeb,王,王,wáng,king; monarch; head; chief,rey / apellido Wang,森林之王。,sēnlín zhī wáng.,El rey de la selva.,4,HSK4
a75f0953392d,網絡,网络,wǎngluò,network,red / internet,網路連線斷了。,wǎngluò liánjiē duàn le.,La conexión a internet se ha cortado.,4,HSK4
82a9414f4d86,網址,网址,wǎng zhǐ,Internet site; website; URL,dirección web,請輸入網址。,qǐng shūrù wǎngzhǐ.,"Por favor, introduce la dirección web.",4,HSK4
5cb85ab6fa7a,微笑,微笑,wēixiào,Smile,sonreír / sonrisa,微笑著打招呼。,wēixiào zhe dǎzhāohu.,Saludar sonriendo.,4,HSK4
2b58855e70ea,微信,微信,wēi xìn,WeChat (a Chinese social app),WeChat,加個微信吧。,jiā gè wēixìn ba.,Añádele a WeChat.,4,HSK4
9abf5f848d61,圍巾,围巾,wéijīn,scarf,bufanda,這條圍巾很漂亮。,zhè tiáo wéijīn hěn piàoliang.,Esta bufanda es muy bonita.,4,HSK4
fff7b1ea2c55,維持,维持,wéichí,maintain,mantener,維持秩序。,wéichí zhìxù.,Mantener el orden.,4,HSK4
e768702b7973,維護,维护,wéihù,protect,proteger / mantener,維護和平。,wéihù hépíng.,Mantener la paz.,4,HSK4
fa7b7bb5c6eb,維修,维修,wéixiū,Repair,reparar / mantenimiento,電腦正在維修。,diànnǎo zhèngzài wéixiū.,El ordenador está en reparación.,4,HSK4
4ee83c9b9d40,尾巴,尾巴,wěiba,tail,cola,這隻狗在搖尾巴。,zhè zhī gǒu zài yáo wěiba.,Este perro está moviendo la cola.,4,HSK4
28e7419839b3,未必,未必,wèibì,not necessarily,no necesariamente,這也未必是壞事。,zhè yě wèibì shì huàishì.,Esto no es necesariamente algo malo.,4,HSK4
32f6e1bd8ca6,未來,未来,wèilái,Future,futuro,展望未來。,zhǎnwàng wèilái.,Mirar hacia el futuro.,4,HSK4
01474272548e,位於,位于,wèiyú,Be located,estar situado,學校位於市中心。,xuéxiào wèiyú shìzhōngxīn.,La escuela está situada en el centro de la ciudad.,4,HSK4
37c884a1cb85,位置,位置,wèizhì,position,posición / lugar,給我留個位置。,gěi wǒ liú gè wèizhì.,Guárdame un sitio.,4,HSK4
b5214224ba68,味兒,味儿,wèir,flavor; taste,olor / sabor,這屋裡有股味兒。,zhè wū lǐ yǒu gǔ wèir.,En esta habitación hay un olor.,4,HSK4
d3ee28068ada,喂（動）,喂（动）,wèi,feed,alimentar,餵狗。,wèi gǒu.,Dar de comer al perro.,4,HSK4
78332f69f4c2,穩,稳,wěn,steady; stable; sure; certain,estable,桌子放穩了。,zhuōzi fàng wěn le.,La mesa está estable.,4,HSK4
f160e4e49a26,穩定,稳定,wěndìng,Stable,estable / estabilizar,情緒穩定。,qíngxù wěndìng.,Emociones estables.,4,HSK4
3ded63a0b472,問候,问候,wènhòu,To greet,saludar / saludos,替我向你的家人問候。,tì wǒ wènhòu nǐ de jiārén.,Saluda a tu familia de mi parte.,4,HSK4
4ba574e9cca7,無,无,wú,nothing,no tener / sin,無中生有。,wú zhōng shēng yǒu.,Crear algo de la nada.,4,HSK4
ad1f28e53a85,無法,无法,wú fǎ,unable; incapable,incapaz / no poder,我無法答應你的要求。,wǒ wúfǎ dāying nǐ de yāoqiú.,No puedo aceptar tu petición.,4,HSK4
528d014ba3ef,無聊,无聊,wúliáo,Boring,aburrido,我覺得很無聊。,wǒ juéde hěn wúliáo.,Me siento muy aburrido.,4,HSK4
d13865d0fdcb,無論,无论,wúlùn,no matter,no importa / sea cual sea,無論如何，我都要去。,"wúlùn rúhé, wǒ dōu yào qù.","Pase lo que pase (sea como sea), iré.",4,HSK4
41ed81fc21d1,無數,无数,wúshù,Countless,innumerable / incontable,天空中有無數的星星。,tiānkōng zhòng yǒu wúshù de xīngxing.,Hay innumerables estrellas en el cielo.,4,HSK4
600cf4d91c4e,無所謂,无所谓,wúsuǒwèi,cannot be designated as,dar igual / no importar,去不去我無所謂。,qù bù qù wǒ wúsuǒwèi.,Me da igual ir o no.,4,HSK4
5d5837b74912,無限,无限,wú xiàn,infinite; limitless; unlimited,infinito,前途無限。,qiántú wúxiàn.,Futuro infinito.,4,HSK4
c5a3307fd2a0,五顏六色,五颜六色,wǔ yán liù sè,colourful; multicolored,multicolor,花園裡有五顏六色的花。,huāyuán lǐ yǒu wǔyánliùsè de huā.,En el jardín hay flores de muchos colores.,4,HSK4
8f2499097b29,誤會,误会,wùhuì,Misunderstanding,malentendido,這是一個誤會。,zhè shì yī gè wùhuì.,Este es un malentendido.,4,HSK4
577e18e26a06,吸,吸,xī,inhale; breathe; absorb; suck in,inhalar / absorber,深吸一口氣。,shēn xī yī kǒu qì.,Inhala profundamente.,4,HSK4
de0faa9bf84e,吸管,吸管,xī guǎn,straw,pajita,用吸管喝飲料。,yòng xīguǎn hē yǐnliào.,Beber con pajita.,4,HSK4
18b5f4574f96,吸收,吸收,xīshōu,absorb,absorber,植物吸收陽光。,zhíwù xīshōu yángguāng.,Las plantas absorben la luz del sol.,4,HSK4
8719f0e0d435,吸菸,吸烟,xī yān,smoke,fumar,吸煙有害健康。,xīyān yǒuhài jiànkāng.,Fumar es perjudicial para la salud.,4,HSK4
4eb107468a92,吸引,吸引,xīyǐn,Attract,atraer,這很有吸引力。,zhè hěn yǒu xīyǐnlì.,Esto es muy atractivo.,4,HSK4
45c26377cb9e,喜愛,喜爱,xǐ ài,like; love; be fond of,amar / gustar mucho,他深受觀眾喜愛。,tā shēnshòu guānzhòng xǐ'ài.,Él es muy querido por el público.,4,HSK4
9257d7e7c150,系列,系列,xìliè,series,serie,這是一連串的問題。,zhè shì yī xìliè de wèntí.,Esta es una serie de problemas.,4,HSK4
28ab56ac6e8d,系統,系统,xìtǒng,system,sistema,作業系統.,cāozuò xìtǒng.,Sistema operativo.,4,HSK4
f324951a707a,細,细,xì thin;,slender; delicate; careful; trifling,fino / delgado,這根線很細。,zhè gēn xiàn hěn xì.,Este hilo es muy fino.,4,HSK4
cbb633544923,細節,细节,xìjié,details,detalle,注意細節。,zhùyì xìjié.,Presta atención a los detalles.,4,HSK4
23e3f218bfda,細緻,细致,xìzhì,careful,meticuloso / detallado,工作很細緻。,gōngzuò hěn xìzhì.,El trabajo es muy meticuloso.,4,HSK4
010b30c03606,下個月,下个月,xià gè yuè,next month,el mes que viene,下個月我要搬家。,xià gè yuè wǒ yào bānjiā.,El mes que viene me mudo.,4,HSK4
c63db2d32a09,下降,下降,xià jiàng decline;,drop; decrease; fall; go down,descender / bajar,氣溫下降了。,qìwēn xiàjiàng le.,La temperatura ha bajado.,4,HSK4
cb67cd129d19,下樓,下楼,xià lóu go,downstairs; come downstairs,bajar las escaleras,請下樓來。,qǐng xiàlóu lái.,"Por favor, baja las escaleras.",4,HSK4
5ffa50a47955,下載,下载,xiàzài,download,descargar,下載軟體。,xiàzài ruǎnjiàn.,Descargar software.,4,HSK4
1f3b04467d82,夏季,夏季,xià jì,summer,temporada de verano,夏季很炎熱。,xiàjì hěn yánrè.,El verano es muy caluroso.,4,HSK4
bf715301ab8a,鮮,鲜,xiān fresh;,bright; delicious; little; rare,fresco / delicioso,這魚很鮮。,zhè yú hěn xiān.,Este pescado es muy fresco.,4,HSK4
de52f1a788c0,鮮花,鲜花,xiān huā,fresh flower,flores frescas,送你一束鮮花。,sòng nǐ yī shù xiānhuā.,Te regalo un ramo de flores frescas.,4,HSK4
bdef38373c0d,鮮明,鲜明,xiānmíng,distinct,brillante / claro,色彩鮮明。,sècǎi xiānmíng.,Colores brillantes.,4,HSK4
0346c5521582,鹹,咸,xián,salty,salado,這菜太鹹了。,zhè cài tài xián le.,Este plato está demasiado salado.,4,HSK4
182245b339ff,顯著,显著,xiǎnzhù,remarkable,notable,取得了顯著成績。,qǔdé le xiǎnzhù chéngjì.,Se lograron resultados notables.,4,HSK4
8aa29abaaf19,縣,县,xiàn,county,condado,他在縣城工作。,tā zài xiànchéng gōngzuò.,Él trabaja en la capital del condado.,4,HSK4
01e44d93586f,限制,限制,xiànzhì,limit,limitar / restricción,沒有什麼限制。,méiyǒu shénme xiànzhì.,No hay ninguna restricción.,4,HSK4
dfb3aae395ff,相處,相处,xiāngchǔ,Get along with,llevarse bien / convivir,他們相處得很好。,tāmen xiāngchǔ de hěn hǎo.,Ellos se llevan muy bien.,4,HSK4
6ee6330a08b1,相反,相反,xiāngfǎn,Contrary,opuesto / contrario,我們的意見正好相反。,wǒmen de yìjiàn zhènghǎo xiāngfǎn.,Nuestras opiniones son exactamente opuestas.,4,HSK4
41fc697659a5,箱,箱,xiāng,chest; box; case; trunk,caja,一箱蘋果。,yī xiāng píngguǒ.,Una caja de manzanas.,4,HSK4
d2e43845780c,箱子,箱子,xiāng zi,chest; bin; box; case; trunk,maleta / caja,提起箱子。,tíqǐ xiāngzi.,Levanta la maleta.,4,HSK4
6803953f1eed,想念,想念,xiǎngniàn,miss,echar de menos,我想念家鄉。,wǒ xiǎngniàn jiāxiāng.,Echo de menos mi pueblo natal.,4,HSK4
5607bca25d2a,想象,想象,xiǎngxiàng,imagine,imaginar,難以想像。,nányǐ xiǎngxiàng.,Difícil de imaginar.,4,HSK4
81f2d6d8e7b4,項,项,xiàng,term,artículo / proyecto (clasificador),這一項任務。,zhè yī xiàng rènwu.,Esta tarea.,4,HSK4
b4f3d106f3ba,項目,项目,xiàngmù,project,proyecto,開展新項目。,kāizhǎn xīn xiàngmù.,Iniciar un nuevo proyecto.,4,HSK4
c2c2291ed428,相片,相片,xiàng piàn,photo; photograph,foto,給我看你的相片。,gěi wǒ kàn nǐ de xiàngpiàn.,Enséñame tu foto.,4,HSK4
f17e17684a5c,消化,消化,xiāohuà,Digestion,digerir,這東西很難消化。,zhè dōngxi hěn nán xiāohuà.,Esto es difícil de digerir.,4,HSK4
78428c785ddb,銷售,销售,xiāoshòu,Sale,vender / ventas,銷售額成長了。,xiāoshòu é zēngzhǎng le.,El volumen de ventas ha aumentado.,4,HSK4
52f33416244e,小喫,小吃,xiǎochī,snack,aperitivo / snack,這裡有很多風味小吃。,zhèlǐ yǒu hěn duō fēngwèi xiǎochī.,Aquí hay muchos aperitivos locales.,4,HSK4
f0d47c5e4387,小夥子,小伙子,xiǎohuǒzi,Young fellow,chico / joven,這個小伙子很精神。,zhè ge xiǎohuǒzi hěn jīngshen.,Este joven tiene mucha energía.,4,HSK4
d0db222b5cec,小型,小型,xiǎo xíng,small-size; small-scale,pequeño / pequeña escala,小型會議。,xiǎoxíng huèiyì.,Reunión pequeña.,4,HSK4
4026a75d5a68,效率,效率,xiàolǜ,efficiency,eficiencia,提高工作效率。,tígāo gōngzuò xiàolǜ.,Mejorar la eficiencia del trabajo.,4,HSK4
11cb68ebdf00,心理,心理,xīnlǐ,Psychology,psicología / mentalidad,心理健康很重要。,xīnlǐ jiànkāng hěn zhòngyào.,La salud mental es muy importante.,4,HSK4
a26d2c48283a,新郎,新郎,xīnláng,Groom,novio (boda),新郎很帥。,xīnláng hěn shuài.,El novio es muy guapo.,4,HSK4
ea0d8e2bd81a,新娘,新娘,xīnniáng,Bride,novia (boda),新娘很美。,xīnniáng hěn měi.,La novia es muy guapa.,4,HSK4
21e0e2cdbed3,新型,新型,xīn xíng,new type; new kind,nuevo modelo / nuevo tipo,新型冠狀病毒。,xīnxíng guānzhuàng bìngdú.,Nuevo coronavirus.,4,HSK4
a30adc30b927,興奮,兴奋,xīngfèn,Excitement,emocionado,大家都很興奮。,dàjiā dōu hěn xīngfèn.,Todos están muy emocionados.,4,HSK4
a9d02fdf7f46,形容,形容,xíngróng,describe,describir,難以形容的美。,nányǐ xíngróng de měi.,Una belleza difícil de describir.,4,HSK4
f1ff88518f6d,形勢,形势,xíngshì,situation,situación,形勢嚴峻。,xíngshì yánjùn.,La situación es grave.,4,HSK4
ab6602887acb,型,型,xíng,mould; model; type; pattern,modelo / tipo,這是最新型的手機。,zhè shì zuì xīnxíng de shǒujī.,Este es el modelo de móvil más nuevo.,4,HSK4
af6b76ba3488,型號,型号,xíng hào,model; type; pattern,número de modelo,這是什麼型號？,zhè shì shénme xínghào?,¿Qué modelo es este?,4,HSK4
c2265b2a8e93,醒,醒,xǐng,wake up,despertar,我醒了。,wǒ xǐng le.,Me he despertado.,4,HSK4
8ff8300f7fb8,興趣,兴趣,xìng qù,interest,interés,我對音樂很有興趣。,wǒ duì yīnyuè hěn gǎn xìngqù.,Tengo mucho interés en la música.,4,HSK4
6854b2dc9e03,性質,性质,xìngzhì,Nature,naturaleza / carácter,問題的性質變了。,wèntí de xìngzhì biàn le.,La naturaleza del problema ha cambiado.,4,HSK4
3f057b540aa9,兄弟,兄弟,xiōngdì,Brother,hermanos,我們是好兄弟。,wǒmen shì hǎo xiōngdì.,Somos buenos hermanos.,4,HSK4
e765017a5379,胸部,胸部,xiōng bù,chest; thorax; breast,pecho,胸部疼痛。,xiōngbù téngtòng.,Dolor en el pecho.,4,HSK4
c89d9fa58594,修理,修理,xiūlǐ,repair,reparar,修理汽車。,xiūlǐ qìchē.,Reparar el coche.,4,HSK4
928efef8dd1c,學分,学分,xué fēn,credit; academic credit,crédito (académico),修滿學分。,xiū mǎn xuéfēn.,Completar los créditos.,4,HSK4
07713a084e68,學年,学年,xué nián,school year; academic year,año académico,新學年開始了。,xīn xuénián kāishǐ le.,El nuevo año académico ha comenzado.,4,HSK4
b3bfde1a1dd5,學時,学时,xué shí,class hour; period,hora lectiva,這門課有多少學時？,zhè mén kè yǒu duōshǎo xuéshí?,¿Cuántas horas lectivas tiene esta asignatura?,4,HSK4
2adf3f65466f,學術,学术,xuéshù,learning,académico,學術交流。,xuéshù jiāoliú.,Intercambio académico.,4,HSK4
42af12f25c06,學問,学问,xuéwen,knowledge,conocimiento / saber,這也是一門學問。,zhè yě shì yī mén xuéwen.,Esto también es una ciencia (conocimiento).,4,HSK4
e856356b2ab9,尋找,寻找,xúnzhǎo,"Seek, look for",buscar,尋找失物。,xúnzhǎo shīwù.,Buscar objetos perdidos.,4,HSK4
e833a1f9eacb,迅速,迅速,xùnsù,rapid,rápido,反應迅速。,fǎnyìng xùnsù.,Respuesta rápida.,4,HSK4
47c946d36481,牙,牙,yá,tooth; ivory; tooth-like thing,diente,牙疼。,yá téng.,Dolor de muelas.,4,HSK4
8d754c83abdb,牙刷,牙刷,yá shuā,toothbrush,cepillo de dientes,換把新牙刷。,huàn bǎ xīn yáshuā.,Cambia a un cepillo de dientes nuevo.,4,HSK4
daecb2968f46,亞運會,亚运会,yà yùn huì,Asian Games,Juegos Asiáticos,舉辦亞運會。,jǔbàn yàyùnhuì.,Organizar los Juegos Asiáticos.,4,HSK4
f2cc20272cdb,呀,呀,ya,ah,partícula (ya),快來呀！,kuài lái ya!,¡Ven rápido!,4,HSK4
380ed3fb6c17,延長,延长,yáncháng,extend,prolongar / extender,延長壽命。,yáncháng shòumìng.,Prolongar la vida.,4,HSK4
5a3dab26811b,延期,延期,yánqī,Delay,aplazar,比賽延期了。,bǐsài yánqī le.,El partido se ha aplazado.,4,HSK4
1397b39fc0e3,延續,延续,yánxù,continue,continuar / durar,這種傳統延續至今。,zhè zhǒng chuántǒng yánxù zhìjīn.,Esta tradición continúa hasta hoy.,4,HSK4
c0d7a1c31c46,嚴,严,yán,strict; tight; severe; stern,estricto / severo,管得很嚴。,guǎn de hěn yán.,Controlado muy estrictamente.,4,HSK4
10552a369bb6,嚴格,严格,yángé,strict,estricto,嚴格要求自己。,yángé yāoqiú zìjǐ.,Ser estricto con uno mismo.,4,HSK4
c82de13a7dfc,嚴重,严重,yánzhòng,serious,grave,後果很嚴重。,hòuguǒ hěn yánzhòng.,Las consecuencias son graves.,4,HSK4
051214b628b3,研究,研究,yánjiū,research,investigar,做研究。,zuò yánjiū.,Hacer investigación.,4,HSK4
d8a399556b62,研究生,研究生,yán jiū shēng postgraduate;,graduate student,estudiante de posgrado,他在讀研究所。,tā zài dú yánjiūshēng.,Él es estudiante de posgrado.,4,HSK4
47c9c4a5a57a,研製,研制,yán zhì,prepare; manufacture; develop,desarrollar / fabricar,研發新藥。,yánzhì xīn yào.,Desarrollar nuevos medicamentos.,4,HSK4
f6f336006f20,鹽,盐,yán,salt,sal,加點鹽。,jiā diǎn yán.,Añade un poco de sal.,4,HSK4
a0012944996d,眼淚,眼泪,yǎn lèi,tear; eyedrop,lágrima,流下了眼淚。,liú xià le yǎnlèi.,Se le cayeron las lágrimas.,4,HSK4
87ad5fd58df7,眼裏,眼里,yǎn lǐ within,one's vision; in one's eyes,en los ojos,你看在眼裡，記在心裡。,"nǐ kàn zài yǎnlǐ, jì zài xīnlǐ.",Míralo y recuérdalo.,4,HSK4
9c23948a7d3c,演講,演讲,yǎnjiǎng,speech,discurso,發表精彩的演講。,fābiǎo jīngcǎi de yǎnjiǎng.,Dar un discurso brillante.,4,HSK4
8d55cbcc66fd,陽臺,阳台,yángtái,balcony,balcón,站在陽台上。,zhàn zài yángtái shàng.,De pie en el balcón.,4,HSK4
6e43a5ae9640,養成,养成,yǎngchéng,Cultivate,desarrollar / formar (hábito),養成好習慣。,yǎngchéng hǎo xíguàn.,Desarrollar buenos hábitos.,4,HSK4
265b97b2533f,腰,腰,yāo,waist,cintura,彎腰。,wān yāo.,Doblar la cintura (agacharse).,4,HSK4
15b88e21bc1c,搖,摇,yáo,shake,agitar / sacudir,搖搖頭。,yáo yáo tóu.,Sacudir la cabeza.,4,HSK4
feea2d0ea99e,藥物,药物,yào wù,drug; medicine,medicamento,服用藥物。,fúyòng yàowù.,Tomar medicamentos.,4,HSK4
a5a7c757d08f,要（連）,要（连）,yào,if,si (condicional),要是不去就算了。,yàoshi bù qù jiù suàn le.,"Si no vas, déjalo.",4,HSK4
1033f3bb00b8,業餘,业余,yèyú,amateur,aficionado / tiempo libre,業餘愛好。,yèyú àihào.,Afición (hobby).,4,HSK4
8ea2dbd08f0e,葉子,叶子,yèzi,Leaf,hoja,一片葉子。,yī piàn yèzi.,Una hoja.,4,HSK4
d9077df17aaf,醫療,医疗,yī liáo,medical treatment,médico / tratamiento,醫療保險。,yīliáo bǎoxiǎn.,Seguro médico.,4,HSK4
027f1810de71,醫學,医学,yī xué,medical science; medicine,medicina (ciencia),醫學博士。,yīxué bóshì.,Doctor en medicina.,4,HSK4
4b12f4bc5993,依靠,依靠,yīkào,rely on; depend on,depender de,依靠父母。,yīkào fùmǔ.,Depender de los padres.,4,HSK4
0702bad583ff,依然,依然,yīrán,still,todavía / aún,依然如故。,yīrán rúgù.,Igual que antes (todavía como antes).,4,HSK4
bde09233e155,一律,一律,yílǜ,all and singular,sin excepción / uniformemente,一律平等。,yīlǜ píngděng.,Todos iguales sin excepción.,4,HSK4
d86e1f9a23bd,一再,一再,yízài,repeatedly,una y otra vez,一再強調。,yīzài qiángdiào.,Enfatizar una y otra vez.,4,HSK4
b16c4b75da06,一致,一致,yízhì,Agreement,unánime / consistente,意見一致。,yìjiàn yīzhì.,Opiniones unánimes.,4,HSK4
e515b7d89360,移,移,yí move;,remove; shift; change; alter,mover,把桌子移開。,bǎ zhuōzi yí kāi.,Aparta la mesa.,4,HSK4
cd1a7965802f,移動,移动,yídòng,move,mover / móvil,行動電話。,yídòng diànhuà.,Teléfono móvil.,4,HSK4
42f5cd0edaa8,移民,移民,yímín,immigrant,inmigrante / inmigrar,他是投資移民。,tā shì tóuzī yímín.,Él es un inmigrante inversor.,4,HSK4
861a0c56532c,遺產,遗产,yíchǎn,heritage,herencia / patrimonio,世界文化遺產。,shìjiè wénhuà yíchǎn.,Patrimonio cultural de la humanidad.,4,HSK4
e774cba892e4,遺傳,遗传,yíchuán,inheritance,herencia (genética),這是遺傳疾病。,zhè shì yíchuán bìng.,Esta es una enfermedad hereditaria.,4,HSK4
c74430d641af,疑問,疑问,yíwèn,Doubt,duda / interrogante,毫無疑問。,háo wú yíwèn.,Sin ninguna duda.,4,HSK4
998046f87584,以及,以及,yǐjí,as well as,así como / y,老師以及學生。,lǎoshī yǐjí xuéshēng.,Profesores y alumnos.,4,HSK4
90d54f0eaf54,以內,以内,yǐ nèi,within,dentro de,三天以內。,sān tiān yǐnèi.,Dentro de tres días.,4,HSK4
c320cd457015,一般來說,一般来说,yì bān lái shu ō,generally speaking,en general,一般來說，他是對的。,"yībānláishuō, tā shì duì de.","En general, él tiene razón.",4,HSK4
524c8f53cc8b,義務,义务,yìwù,obligation,obligación,盡義務。,jìn yìwù.,Cumplir con la obligación.,4,HSK4
e810817e8b0d,議論,议论,yìlùn,Discussion,discutir / comentar,大家都在議論這件事。,dàjiā dōu zài yìlùn zhè jiàn shì.,Todos están comentando este asunto.,4,HSK4
903cb6799129,引,引,yǐn lead;,guide; draw; stretch; lure; attract;,guiar / atraer / citar,引路。,yǐnlù.,Guiar el camino.,4,HSK4
59a52854db12,引導,引导,yǐndǎo,guide,guiar / conducir,引導輿論。,yǐndǎo yúlùn.,Guiar la opinión pública.,4,HSK4
7305815ca0b4,引進,引进,yǐn jìn introduce,from elsewhere; bring in; recommend,introducir / importar,引進新技術。,yǐnjìn xīn jìshù.,Introducir nuevas tecnologías.,4,HSK4
37502d569633,引起,引起,yǐnqǐ,cause,causar / provocar,引起注意。,yǐnqǐ zhùyì.,Llamar la atención.,4,HSK4
ab5c056d30db,應,应,yīng should;,ought to; answer; respond; promise,responder / deber,應該。,yīnggāi.,Debería.,4,HSK4
55448fd66970,英勇,英勇,yīngyǒng,heroic,heroico,英勇作戰。,yīngyǒng zuòzhàn.,Luchar heroicamente.,4,HSK4
d8411678e06b,營業,营业,yíngyè,Do business,operar (negocio),正在營業。,zhèngzài yíngyè.,Abierto (negocio).,4,HSK4
5b7e46f79a6a,贏得,赢得,yíng dé,gain; win,ganar,贏得比賽。,yíngdé bǐsài.,Ganar el partido.,4,HSK4
b7f67f7d96c8,影子,影子,yǐngzi,shadow,sombra,牆上有個影子。,qiáng shàng yǒu gè yǐngzi.,Hay una sombra en la pared.,4,HSK4
539e63f3b7a0,勇敢,勇敢,yǒnggǎn,Brave,valiente,勇敢的孩子。,yǒnggǎn de háizi.,Niño valiente.,4,HSK4
cd78dfb17d5f,勇氣,勇气,yǒngqì,courage,coraje,鼓起勇氣。,gǔqǐ yǒngqì.,Armarse de valor.,4,HSK4
96f669ca99b8,用途,用途,yòngtú,purpose,uso / utilidad,這種材料用途很廣。,zhè zhǒng cáiliào yòngtú hěn guǎng.,Este material tiene muchos usos.,4,HSK4
4e05c3eb7a59,優良,优良,yōu liáng,fine; good; excellent,excelente,優良傳統。,yōuliáng chuántǒng.,Excelente tradición.,4,HSK4
f8d7c8501d8e,優美,优美,yōuměi,Graceful,hermoso / elegante,環境優美。,huánjìng yōuměi.,Entorno hermoso.,4,HSK4
f6e88cbb191f,優秀,优秀,yōuxiù,excellent,sobresaliente,優秀的成績。,yōuxiù de chéngjì.,Resultados sobresalientes.,4,HSK4
842b6bf56c0d,郵局,邮局,yóujú,Post Office,oficina de correos,去郵局寄信。,qù yóujú jì xìn.,Ir a la oficina de correos a enviar una carta.,4,HSK4
bb260d01de1c,有勁兒,有劲儿,yǒu jìnr,strong; energetic,con fuerza / interesante,幹活很有勁兒。,gànhuó hěn yǒu jìnr.,Trabajar con mucha energía.,4,HSK4
2a6aa21593e7,有趣,有趣,yǒuqù,interesting,interesante,這個故事很有趣。,zhè ge gùshi hěn yǒuqù.,Esta historia es muy interesante.,4,HSK4
e224ec8482fc,有限,有限,yǒu xiàn,limited; finite,limitado,資源有限。,zīyuán yǒuxiàn.,Recursos limitados.,4,HSK4
7949d8b82b8e,幼兒園,幼儿园,yòu'éryuán,Kindergarten,guardería / jardín de infancia,孩子上幼兒園了。,háizi shàng yòu'éryuán le.,El niño va a la guardería.,4,HSK4
9541fb7623d2,於是,于是,yúshì,Therefore,así que / entonces,雨停了，於是我們出門了。,"yǔ tíng le, yúshì wǒmen chūmén le.","Dejó de llover, así que salimos.",4,HSK4
79d311c49278,語法,语法,yǔfǎ,grammar,gramática,中文文法不難。,zhōngwén yǔfǎ bù nán.,La gramática china no es difícil.,4,HSK4
db4b50647bfc,語音,语音,yǔ yīn,voice,pronunciación / voz,發送語音訊息。,fāsòng yǔyīn xìnxī.,Enviar un mensaje de voz.,4,HSK4
5db165b2df63,玉,玉,yù,jade,jade,這塊玉很值錢。,zhè kuài yù hěn zhíqián.,Este jade es muy valioso.,4,HSK4
028ae6540655,玉米,玉米,yùmǐ,Corn,maíz,吃煮玉米。,chī zhǔ yùmǐ.,Comer maíz cocido.,4,HSK4
a7606af3a053,預測,预测,yù cè,forecast; prognosis,predecir,預測天氣。,yùcè tiānqì.,Predecir el tiempo.,4,HSK4
ffa1bd2c648b,預訂,预订,yùdìng,book; subscribe for,reservar,預訂房間。,yùdìng fángjiān.,Reservar una habitación.,4,HSK4
be99e78f71c7,遇,遇,yù,meet; encounter,encontrarse con,我在街上遇到了他。,wǒ zài jiēshàng yùdào le tā.,Me encontré con él en la calle.,4,HSK4
b54d1d04fcdd,遇見,遇见,yù jiàn,meet; come across,encontrarse con,很高興遇見你。,hěn gāoxìng yùjiàn nǐ.,Encantado de conocerte (encontrarte).,4,HSK4
9358e8f916c8,原料,原料,yuánliào,raw material,materia prima,工業原料。,gōngyè yuánliào.,Materia prima industrial.,4,HSK4
a6bcee2637ad,原則,原则,yuánzé,Principle,principio,堅持原則。,jiānchí yuánzé.,Mantener los principios.,4,HSK4
a0961e4fbbea,圓,圆,yuán,circular,redondo,月亮是圓的。,yuèliang shì yuán de.,La luna es redonda.,4,HSK4
5dbdee858120,圓滿,圆满,yuánmǎn,Satisfactorily,satisfactorio / perfecto,圓滿結束。,yuánmǎn jiéshù.,Terminar satisfactoriamente.,4,HSK4
4d28828cd9c4,約會,约会,yuēhuì,Date,cita,我和女朋友有個約會。,wǒ hé nǚpéngyou yǒu gè yuēhuì.,Tengo una cita con mi novia.,4,HSK4
4fd974498878,月底,月底,yuè dǐ,the end of a month,fin de mes,這個月底發薪水。,zhè ge yuèdǐ fā gōngzī.,A final de este mes pagan el salario.,4,HSK4
cb9b93667707,閱讀,阅读,yuèdú,Read,leer / lectura,閱讀理解。,yuèdú lǐjiě.,Comprensión lectora.,4,HSK4
44acce4c10a1,運動會,运动会,yùn dòng huì,sports meeting,encuentro deportivo,參加運動會。,cānjiā yùndònghuì.,Participar en el encuentro deportivo.,4,HSK4
2519a3cfe76a,運動員,运动员,yùn dòng yuán,athlete; sportsman,atleta,他是職業運動員。,tā shì zhíyè yùndòngyuán.,Él es atleta profesional.,4,HSK4
b9e1353a0add,運氣,运气,yùnqi,luck,suerte,祝你好運氣。,zhù nǐ hǎo yùnqi.,Te deseo buena suerte.,4,HSK4
4927f08b42e7,運用,运用,yùnyòng,Application,utilizar / aplicar,運用知識解決問題。,yùnyòng zhīshi jiějué wèntí.,Aplicar el conocimiento para resolver problemas.,4,HSK4
d28185b754c4,再三,再三,zàisān,repeatedly,una y otra vez,再三考慮。,zàisān kǎolǜ.,Considerar una y otra vez.,4,HSK4
6973ed33f1d3,在乎,在乎,zàihu,care about,importar,我很在乎你。,wǒ hěn zàihu nǐ.,Me importas mucho.,4,HSK4
5ccfbd113be6,在於,在于,zàiyú,rest with,consistir en / depender de,關鍵在於你怎麼做。,guānjiàn zàiyú nǐ zěnme zuò.,La clave está en cómo lo haces.,4,HSK4
9cc83d28064b,贊成,赞成,zànchéng,agree,aprobar / estar de acuerdo,我贊成你的提議。,wǒ zànchéng nǐ de tíyì.,Estoy de acuerdo con tu propuesta.,4,HSK4
69e650dea533,讚賞,赞赏,zàn shǎng,praise; panegyrize; eulogize; admiration,apreciar / admirar,我很讚賞他的才華。,wǒ hěn zànshǎng tā de cáihuá.,Admiro mucho su talento.,4,HSK4
360287f0cdbc,贊助,赞助,zànzhù,Sponsor,patrocinar,贊助商。,zànzhùshāng.,Patrocinador.,4,HSK4
7e0fa40104f6,造型,造型,zàoxíng,style; modeling,modelo / forma,這個造型很獨特。,zhè ge zàoxíng hěn dútè.,Esta forma es muy única.,4,HSK4
a2ca359c0fbe,戰鬥,战斗,zhàndòu,Battle,combate / batalla,戰鬥開始了。,zhàndòu kāishǐ le.,El combate ha comenzado.,4,HSK4
cc7e0cdc96ca,戰勝,战胜,zhàn shèng,defeat; conquer,vencer,克服困難。,zhànshèng kùnnan.,Vencer las dificultades.,4,HSK4
0de6892777db,戰士,战士,zhàn shì,warrior; soldier; fighter,guerrero / soldado,勇敢的戰士。,yǒnggǎn de zhànshì.,Soldado valiente.,4,HSK4
e2ccde4a1aa3,戰爭,战争,zhànzhēng,War,guerra,反對戰爭。,fǎnduì zhànzhēng.,Oponerse a la guerra.,4,HSK4
9edbebdb84a7,招呼,招呼,zhāo hu,call; hail; greet; glad-hand,saludo,打個招呼。,dǎ gè zhāohu.,Saludar.,4,HSK4
0ec1056bd178,着火,着火,zháohuǒ,on fire,incendiarse,房子著火了。,fángzi zháohuǒ le.,La casa se incendió.,4,HSK4
cdc81dcdfaaa,召開,召开,zhàokāi,convene,convocar (reunión),召開會議。,zhàokāi huèiyì.,Convocar una reunión.,4,HSK4
76fe408e8949,折,折,zhé,fracture,romper / doblar,骨折了。,gǔzhé le.,Se rompió el hueso.,4,HSK4
3367f9296826,針,针,zhēn,needle; injection,aguja,一根針。,yī gēn zhēn.,Una aguja.,4,HSK4
a0d1940cb852,針對,针对,zhēnduì,In the light of,dirigido a / contra,針對這個問題。,zhēnduì zhè ge wèntí.,Con respecto a este problema.,4,HSK4
4c7a54f2bfc8,陣,阵,zhèn,front,clasificador (periodo corto),一陣風。,yī zhèn fēng.,Una ráfaga de viento.,4,HSK4
9ad4b1453ea0,爭論,争论,zhēnglùn,debate,discutir / debate,激烈的爭論。,jīliè de zhēnglùn.,Intensa discusión.,4,HSK4
8b0360b1046c,征服,征服,zhēngfú,Conquer,conquistar,征服大自然。,zhēngfú zìrán.,Conquistar la naturaleza.,4,HSK4
40823800d153,徵求,征求,zhēngqiú,"seek, ask for",solicitar / buscar,徵求意見。,zhēngqiú yìjiàn.,Solicitar opiniones.,4,HSK4
4d352b0f1312,政府,政府,zhèngfǔ,government,gobierno,各級政府。,gèjí zhèngfǔ.,Gobiernos de todos los niveles.,4,HSK4
84f7ae26efeb,政治,政治,zhèngzhì,Politics,política,談論政治。,tánlùn zhèngzhì.,Hablar de política.,4,HSK4
93e057456ec6,之後,之后,zhī hòu,later; after; afterwards,después,在那之後。,zài nà zhīhòu.,Después de eso.,4,HSK4
c7466923a670,之間,之间,zhī jiān,between; among,entre,朋友之間。,péngyou zhījiān.,Entre amigos.,4,HSK4
48d4b858e83d,之前,之前,zhī qián,before; prior to,antes,在這之前。,zài zhè zhīqián.,Antes de esto.,4,HSK4
63f105698deb,之一,之一,zhī yī,one of,uno de,原因之一。,yuányīn zhīyī.,Una de las razones.,4,HSK4
458b836d0ac0,支（動）,支（动）,zhī put,up; protrude; support; send away,apoyar / sostener,支起帳篷。,zhī qǐ zhàngpeng.,Montar la tienda de campaña.,4,HSK4
d2609a288a2d,植物,植物,zhíwù,Botany,planta,保護植物。,bǎohù zhíwù.,Proteger las plantas.,4,HSK4
e157f191f3a0,指揮,指挥,zhǐhuī,command,dirigir / comandante,指揮交通。,zhǐhuī jiāotōng.,Dirigir el tráfico.,4,HSK4
a96d21bc8ffc,制訂,制订,zhì dìng,formulate; work out; map out,elaborar / formular,制訂計劃。,zhìdìng jìhuà.,Elaborar un plan.,4,HSK4
85080dd3591a,質量,质量,zhìliàng,quality,calidad,品質第一。,zhìliàng dìyī.,La calidad es lo primero.,4,HSK4
1c303fa93d99,治,治,zhì rule;,govern; manage; cure; treatment,curar / gobernar,治病救人。,zhìbìng jiùrén.,Curar la enfermedad y salvar al paciente.,4,HSK4
fe6ec9baf401,治療,治疗,zhìliáo,Treatment,tratar (médicamente),接受治療。,jiēshòu zhìliáo.,Recibir tratamiento.,4,HSK4
e50a2528fad4,智力,智力,zhìlì,intelligence,inteligencia,智力開發。,zhìlì kāifā.,Desarrollo de la inteligencia.,4,HSK4
8fbc3c06d01f,智能,智能,zhìnéng,Intelligence,inteligente (tecnología),智慧型手機。,zhìnéng shǒujī.,Teléfono inteligente.,4,HSK4
33a7ef6ad2fe,中介,中介,zhōngjiè,intermediary,intermediario,房仲。,fángchǎn zhōngjiè.,Agente inmobiliario.,4,HSK4
94af3065d999,種類,种类,zhǒnglèi,type,tipo / variedad,種類繁多。,zhǒnglèi fánduō.,Gran variedad.,4,HSK4
038d8f69bd67,中獎,中奖,zhòng jiǎng,win a lottery,ganar la lotería,我中獎了！,wǒ zhòngjiǎng le!,¡Me ha tocado la lotería!,4,HSK4
90793b1b572a,種植,种植,zhòngzhí,plant,plantar,種植樹木。,zhòngzhí shùmù.,Plantar árboles.,4,HSK4
48dda81bdc77,重量,重量,zhòngliàng,weight,peso,計算重量。,jìsuàn zhòngliàng.,Calcular el peso.,4,HSK4
dd48bd3f896b,逐步,逐步,zhúbù,gradually,paso a paso,逐步解決。,zhúbù jiějué.,Resolver paso a paso.,4,HSK4
5be345fb7b24,逐漸,逐渐,zhújiàn,gradually,gradualmente,天氣逐漸變冷。,tiānqì zhújiàn biàn lěng.,El tiempo se vuelve frío gradualmente.,4,HSK4
acc05e38fcfa,主題,主题,zhǔtí,theme,tema,文章的主題。,wénzhāng de zhǔtí.,El tema del artículo.,4,HSK4
044bef03bcda,主席,主席,zhǔxí,Chairman,presidente (organización),工會主席。,gōnghuì zhǔxí.,Presidente del sindicato.,4,HSK4
4829afcc9ffe,祝福,祝福,zhùfú,blessing,bendición / desear,送上我的祝福。,sòng shàng wǒ de zhùfú.,Te envío mis bendiciones.,4,HSK4
185940e30826,著名,著名,zhùmíng,famous,famoso,著名的作家。,zhùmíng de zuòjiā.,Escritor famoso.,4,HSK4
821d94849b5c,著作,著作,zhùzuò,Work,obra (libro),這是他的代表著作。,zhè shì tā de dàibiǎo zhùzuò.,Esta es su obra representativa.,4,HSK4
72187c17b522,抓緊,抓紧,zhuājǐn,Pay close attention to; grasp,apresurarse / agarrar firmemente,抓緊時間。,zhuājǐn shíjiān.,Aprovechar el tiempo al máximo.,4,HSK4
a0c83b7c278d,專心,专心,zhuānxīn,Attentively,concentrado / atento,專心聽講。,zhuānxīn tīngjiǎng.,Escuchar con atención.,4,HSK4
2d62db63cd6e,轉動,转动,zhuǎn dòng,turn; move; turn round,girar,輪子在轉動。,lúnzi zài zhuǎndòng.,La rueda está girando.,4,HSK4
1c2150317b47,轉告,转告,zhuǎngào,Tell,transmitir (mensaje),請轉告他。,qǐng zhuǎngào tā.,"Por favor, díselo (transmítele el mensaje).",4,HSK4
5df94d98be06,轉身,转身,zhuǎn shēn,turn round; face about,darse la vuelta,轉身離開。,zhuǎnshēn líkāi.,Darse la vuelta y marcharse.,4,HSK4
cf90631ad176,轉彎,转弯,zhuǎn wān,make a turn; turn a corner,girar (esquina),前面轉彎。,qiánmian zhuǎnwān.,Gira más adelante.,4,HSK4
147834ca6bf1,轉移,转移,zhuǎnyí,transfer,transferir / desviar,轉移注意力。,zhuǎnyí zhùyìlì.,Desviar la atención.,4,HSK4
b6067cc90fd9,裝修,装修,zhuāngxiū,decorate house,decorar / renovar,裝修房子。,zhuāngxiū fángzi.,Renovar la casa.,4,HSK4
1046f4918841,裝置,装置,zhuāng zhì,device; equipment,dispositivo,安全裝置。,ānquán zhuāngzhì.,Dispositivo de seguridad.,4,HSK4
3858263c9b5f,追求,追求,zhuīqiú,Pursuit,perseguir / buscar,追求幸福。,zhuīqiú xìngfú.,Perseguir la felicidad.,4,HSK4
c49cf7fb6d15,準時,准时,zhǔnshí,on time,puntual,準時到達。,zhǔnshí dàodá.,Llegar puntual.,4,HSK4
567318193cdc,資料,资料,zīliào,data,datos / material,查閱資料。,cháyuè zīliào.,Consultar materiales.,4,HSK4
27563298c5c0,資源,资源,zīyuán,Resources,recurso,珍惜水資源。,zhēnxī shuǐzīyuán.,Valorar los recursos hídricos.,4,HSK4
eddbd8d8a41c,自,自,zì,from; since; self; oneself,desde / uno mismo,來自中國。,láizì zhōngguó.,Proviene de China.,4,HSK4
9c296843584d,自信,自信,zìxìn,self-confidence,confianza en uno mismo,充滿自信。,chōngmǎn zìxìn.,Lleno de confianza.,4,HSK4
6903851b766f,字母,字母,zìmǔ,Letter,letra,英文字母。,yīngwén zìmǔ.,Letra inglesa.,4,HSK4
0b3a66e03f12,綜合,综合,zōnghé,comprehensive,integral / sintetizar,綜合能力。,zōnghé nénglì.,Capacidad integral.,4,HSK4
c8d4530a2741,總共,总共,zǒnggòng,In total,en total,總共多少錢？,zǒnggòng duōshǎo qián?,¿Cuánto es en total?,4,HSK4
8ccdbd3649c4,總理,总理,zǒnglǐ,prime minister,primer ministro,國務院總理。,guówùyuàn zǒnglǐ.,Primer Ministro del Consejo de Estado.,4,HSK4
ab8d7b219066,總統,总统,zǒngtǒng,President,presidente (país),選舉總統。,xuǎnjǔ zǒngtǒng.,Elegir al presidente.,4,HSK4
674ca7be41fa,總之,总之,zǒngzhī,in short,en resumen,總之，我很滿意。,"zǒngzhī, wǒ hěn mǎnyì.","En resumen, estoy muy satisfecho.",4,HSK4
f98a63a72a97,阻止,阻止,zǔzhǐ,prevent,impedir,沒人能阻止我。,méirén néng zǔzhǐ wǒ.,Nadie puede impedírmelo.,4,HSK4
253ae0fa408f,嘴巴,嘴巴,zuǐ ba,mouth,boca,張開嘴巴。,zhāngkāi zuǐba.,Abre la boca.,4,HSK4
14286c73ba91,最初,最初,zuìchū,First,al principio,最初的夢想。,zuìchū de mèngxiǎng.,El sueño inicial.,4,HSK4
df834c0a4811,作出,作出,zuò chū,"make (a decision, etc.)",tomar (decisión) / hacer,作出決定。,zuò chū juédìng.,Tomar una decisión.,4,HSK4
175e0ca91403,作爲,作为,zuòwéi,As,como / logro,作為朋友。,zuòwéi péngyou.,Como amigo.,4,HSK4
3c75c475e246,做夢,做梦,zuò mèng,dream; daydream,soñar,白日做夢。,báirì zuò mèng.,Soñar despierto.,4,HSK4